"Year","Quarter ID","Quarter","Month ID","Month","Day","Time ID","Time","Nation ID","Nation","Accum Cases","Daily Cases","AVG 7 Days Accum Cases","AVG 7 Days Daily Cases","Rate Daily Cases","Rate Accum Cases","Days from 50 Cases","Style"
2020,1,"Q1",3,"2020-03",15,20200315,"2020-03-15","mex","México",327,37,189.2857208251953,36.71428680419922,0.02895323373377323,0.25588399171829224,10,"solid"
2020,1,"Q1",3,"2020-03",16,20200316,"2020-03-16","mex","México",403,76,236.14285278320312,46.85714340209961,0.059471506625413895,0.315355509519577,11,"solid"
2020,1,"Q1",3,"2020-03",17,20200317,"2020-03-17","mex","México",507,104,295.4285583496094,59.28571319580078,0.08138206601142883,0.39673757553100586,12,"solid"
2020,1,"Q1",3,"2020-03",18,20200318,"2020-03-18","mex","México",623,116,365.71429443359375,70.28571319580078,0.09077230095863342,0.4875098764896393,13,"solid"
2020,1,"Q1",3,"2020-03",19,20200319,"2020-03-19","mex","México",774,151,451.71429443359375,86,0.11816049367189407,0.6056703329086304,14,"solid"
2020,1,"Q1",3,"2020-03",20,20200320,"2020-03-20","mex","México",906,132,547.1428833007812,95.42857360839844,0.10329262167215347,0.7089629769325256,15,"solid"
2020,1,"Q1",3,"2020-03",21,20200321,"2020-03-21","mex","México",991,85,647.2857055664062,100.14286041259766,0.06651418656110764,0.7754771709442139,16,"solid"
2020,1,"Q1",3,"2020-03",22,20200322,"2020-03-22","mex","México",1062,71,752.2857055664062,105,0.055558908730745316,0.8310360908508301,17,"solid"
2020,1,"Q1",3,"2020-03",23,20200323,"2020-03-23","mex","México",1229,167,870.2857055664062,118,0.13068081438541412,0.961716890335083,18,"solid"
2020,1,"Q1",3,"2020-03",24,20200324,"2020-03-24","mex","México",1450,221,1005,134.7142791748047,0.17293688654899597,1.1346538066864014,19,"solid"
2020,1,"Q1",3,"2020-03",25,20200325,"2020-03-25","mex","México",1635,185,1149.5714111328125,144.57142639160156,0.144766166806221,1.2794198989868164,20,"solid"
2020,1,"Q1",3,"2020-03",26,20200326,"2020-03-26","mex","México",1860,225,1304.7142333984375,155.14285278320312,0.17606696486473083,1.4554868936538696,21,"solid"
2020,1,"Q1",3,"2020-03",27,20200327,"2020-03-27","mex","México",2124,264,1478.7142333984375,174,0.20658524334430695,1.6620721817016602,22,"solid"
2020,1,"Q1",3,"2020-03",28,20200328,"2020-03-28","mex","México",2315,191,1667.857177734375,189.14285278320312,0.1494612842798233,1.8115334510803223,23,"solid"
2020,1,"Q1",3,"2020-03",29,20200329,"2020-03-29","mex","México",2482,167,1870.7142333984375,202.85714721679688,0.13068081438541412,1.9422142505645752,24,"solid"
2020,1,"Q1",3,"2020-03",30,20200330,"2020-03-30","mex","México",2827,345,2099,228.2857208251953,0.2699693441390991,2.212183713912964,25,"solid"
2020,1,"Q1",3,"2020-03",31,20200331,"2020-03-31","mex","México",3138,311,2340.142822265625,241.14285278320312,0.24336367845535278,2.455547332763672,26,"solid"
2020,2,"Q2",4,"2020-04",1,20200401,"2020-04-01","mex","México",3519,381,2609.28564453125,269.1428527832031,0.2981400489807129,2.7536873817443848,27,"solid"
2020,2,"Q2",4,"2020-04",2,20200402,"2020-04-02","mex","México",3866,347,2895.857177734375,286.5714416503906,0.27153438329696655,3.025221824645996,28,"solid"
2020,2,"Q2",4,"2020-04",3,20200403,"2020-04-03","mex","México",4258,392,3200.71435546875,304.8571472167969,0.30674779415130615,3.3319694995880127,29,"solid"
2020,2,"Q2",4,"2020-04",4,20200404,"2020-04-04","mex","México",4508,250,3514,313.28570556640625,0.19562995433807373,3.527599573135376,30,"solid"
2020,2,"Q2",4,"2020-04",5,20200405,"2020-04-05","mex","México",4767,259,3840.428466796875,326.4285583496094,0.20267264544963837,3.730272054672241,31,"solid"
2020,2,"Q2",4,"2020-04",6,20200406,"2020-04-06","mex","México",5396,629,4207.4287109375,367,0.4922049939632416,4.222476959228516,32,"solid"
2020,2,"Q2",4,"2020-04",7,20200407,"2020-04-07","mex","México",5911,515,4603.5712890625,396.1428527832031,0.4029977321624756,4.62547492980957,33,"solid"
2020,2,"Q2",4,"2020-04",8,20200408,"2020-04-08","mex","México",6492,581,5028.28564453125,424.71429443359375,0.45464402437210083,5.080118656158447,34,"solid"
2020,2,"Q2",4,"2020-04",9,20200409,"2020-04-09","mex","México",6975,483,5472.4287109375,444.1428527832031,0.3779570758342743,5.458076000213623,35,"solid"
2020,2,"Q2",4,"2020-04",10,20200410,"2020-04-10","mex","México",7546,571,5942.14306640625,469.71429443359375,0.44681882858276367,5.904894828796387,36,"solid"
2020,2,"Q2",4,"2020-04",11,20200411,"2020-04-11","mex","México",8011,465,6442.5712890625,500.4285583496094,0.3638717234134674,6.268766403198242,37,"solid"
2020,2,"Q2",4,"2020-04",12,20200412,"2020-04-12","mex","México",8486,475,6973.85693359375,531.2857055664062,0.37169691920280457,6.640463352203369,38,"solid"
2020,2,"Q2",4,"2020-04",13,20200413,"2020-04-13","mex","México",9440,954,7551.5712890625,577.7142944335938,0.746523916721344,7.386987209320068,39,"solid"
2020,2,"Q2",4,"2020-04",14,20200414,"2020-04-14","mex","México",10374,934,8189.14306640625,637.5714111328125,0.7308735251426697,8.117860794067383,40,"solid"
2020,2,"Q2",4,"2020-04",15,20200415,"2020-04-15","mex","México",11358,984,8884.2861328125,695.1428833007812,0.7699995040893555,8.887860298156738,41,"solid"
2020,2,"Q2",4,"2020-04",16,20200416,"2020-04-16","mex","México",12355,997,9652.857421875,768.5714111328125,0.7801722884178162,9.6680326461792,42,"solid"
2020,2,"Q2",4,"2020-04",17,20200417,"2020-04-17","mex","México",13503,1148,10503.857421875,851,0.8983327746391296,10.566365242004395,43,"solid"
2020,2,"Q2",4,"2020-04",18,20200418,"2020-04-18","mex","México",14316,813,11404.5712890625,900.7142944335938,0.6361886262893677,11.202553749084473,44,"solid"
2020,2,"Q2",4,"2020-04",19,20200419,"2020-04-19","mex","México",15111,795,12351,946.4285888671875,0.6221032738685608,11.824657440185547,45,"solid"
2020,2,"Q2",4,"2020-04",20,20200420,"2020-04-20","mex","México",16628,1517,13377.857421875,1026.857177734375,1.1870826482772827,13.011739730834961,46,"solid"
2020,2,"Q2",4,"2020-04",21,20200421,"2020-04-21","mex","México",18099,1471,14481.4287109375,1103.5714111328125,1.151086688041687,14.162826538085938,47,"solid"
2020,2,"Q2",4,"2020-04",22,20200422,"2020-04-22","mex","México",19521,1422,15647.5712890625,1166.142822265625,1.1127432584762573,15.275569915771484,48,"solid"
2020,2,"Q2",4,"2020-04",23,20200423,"2020-04-23","mex","México",21028,1507,16886.572265625,1239,1.1792573928833008,16.4548282623291,49,"solid"
2020,2,"Q2",4,"2020-04",24,20200424,"2020-04-24","mex","México",22762,1734,18209.28515625,1322.7142333984375,1.3568893671035767,17.811716079711914,50,"solid"
2020,2,"Q2",4,"2020-04",25,20200425,"2020-04-25","mex","México",23926,1164,19582.142578125,1372.857177734375,0.9108530879020691,18.722570419311523,51,"solid"
2020,2,"Q2",4,"2020-04",26,20200426,"2020-04-26","mex","México",25043,1117,21001,1418.857177734375,0.8740746974945068,19.59664535522461,52,"solid"
2020,2,"Q2",4,"2020-04",27,20200427,"2020-04-27","mex","México",26981,1938,22480,1479,1.5165234804153442,21.113168716430664,53,"solid"
2020,2,"Q2",4,"2020-04",28,20200428,"2020-04-28","mex","México",28936,1955,24028.142578125,1548.142822265625,1.529826283454895,22.642993927001953,54,"solid"
2020,2,"Q2",4,"2020-04",29,20200429,"2020-04-29","mex","México",30876,1940,25650.28515625,1622.142822265625,1.518088459968567,24.161083221435547,55,"solid"
2020,2,"Q2",4,"2020-04",30,20200430,"2020-04-30","mex","México",32762,1886,27326.572265625,1676.2857666015625,1.475832462310791,25.63691520690918,56,"solid"
2020,2,"Q2",5,"2020-05",1,20200501,"2020-05-01","mex","México",34314,1552,28976.857421875,1650.2857666015625,1.2144707441329956,26.85138511657715,57,"solid"
2020,2,"Q2",5,"2020-05",2,20200502,"2020-05-02","mex","México",35808,1494,30674.28515625,1697.4285888671875,1.1690846681594849,28.020471572875977,58,"solid"
2020,2,"Q2",5,"2020-05",3,20200503,"2020-05-03","mex","México",37181,1373,32408.28515625,1734,1.074399709701538,29.09486961364746,59,"solid"
2020,2,"Q2",5,"2020-05",4,20200504,"2020-05-04","mex","México",39815,2634,34241.71484375,1833.4285888671875,2.0611572265625,31.15602684020996,60,"solid"
2020,2,"Q2",5,"2020-05",5,20200505,"2020-05-05","mex","México",42045,2230,36114.4296875,1872.7142333984375,1.7450193166732788,32.90104675292969,61,"solid"
2020,2,"Q2",5,"2020-05",6,20200506,"2020-05-06","mex","México",44434,2389,38051.28515625,1936.857177734375,1.869439959526062,34.77048873901367,62,"solid"
2020,2,"Q2",5,"2020-05",7,20200507,"2020-05-07","mex","México",46965,2531,40080.28515625,2029,1.9805576801300049,36.75104522705078,63,"solid"
2020,2,"Q2",5,"2020-05",8,20200508,"2020-05-08","mex","México",49495,2530,42249,2168.71435546875,1.9797751903533936,38.73081970214844,64,"solid"
2020,2,"Q2",5,"2020-05",9,20200509,"2020-05-09","mex","México",51151,1656,44440.85546875,2191.857177734375,1.2958528995513916,40.02667236328125,65,"solid"
2020,2,"Q2",5,"2020-05",10,20200510,"2020-05-10","mex","México",52701,1550,46658,2217.142822265625,1.212905764579773,41.23957824707031,66,"solid"
2020,2,"Q2",5,"2020-05",11,20200511,"2020-05-11","mex","México",55821,3120,48944.5703125,2286.571533203125,2.4414618015289307,43.6810417175293,67,"solid"
2020,2,"Q2",5,"2020-05",12,20200512,"2020-05-12","mex","México",58888,3067,51350.71484375,2406.142822265625,2.3999884128570557,46.08102798461914,68,"solid"
2020,2,"Q2",5,"2020-05",13,20200513,"2020-05-13","mex","México",62119,3231,53877.14453125,2526.428466796875,2.5283215045928955,48.609352111816406,69,"solid"
2020,2,"Q2",5,"2020-05",14,20200514,"2020-05-14","mex","México",65333,3214,56501.14453125,2624,2.5150187015533447,51.12437057495117,70,"solid"
2020,2,"Q2",5,"2020-05",15,20200515,"2020-05-15","mex","México",69022,3689,59290.71484375,2789.571533203125,2.8867156505584717,54.011085510253906,71,"solid"
2020,2,"Q2",5,"2020-05",16,20200516,"2020-05-16","mex","México",71284,2262,62166.85546875,2876.142822265625,1.7700599431991577,55.78114318847656,72,"solid"
2020,2,"Q2",5,"2020-05",17,20200517,"2020-05-17","mex","México",73023,1739,65070,2903.142822265625,1.3608020544052124,57.141944885253906,73,"solid"
2020,2,"Q2",5,"2020-05",18,20200518,"2020-05-18","mex","México",77199,4176,68124,3054,3.2678029537200928,60.40974807739258,74,"solid"
2020,2,"Q2",5,"2020-05",19,20200519,"2020-05-19","mex","México",80906,3707,71269.4296875,3145.428466796875,2.900801181793213,63.310550689697266,75,"solid"
2020,2,"Q2",5,"2020-05",20,20200520,"2020-05-20","mex","México",84954,4048,74531.5703125,3262.142822265625,3.167640447616577,66.47818756103516,76,"solid"
2020,2,"Q2",5,"2020-05",21,20200521,"2020-05-21","mex","México",89060,4106,77921.140625,3389.571533203125,3.213026523590088,69.69121551513672,77,"solid"
2020,2,"Q2",5,"2020-05",22,20200522,"2020-05-22","mex","México",93192,4132,81374,3452.857177734375,3.2333719730377197,72.92459106445312,78,"solid"
2020,2,"Q2",5,"2020-05",23,20200523,"2020-05-23","mex","México",95603,2411,84848.140625,3474.142822265625,1.886655330657959,74.81124114990234,79,"solid"
2020,2,"Q2",5,"2020-05",24,20200524,"2020-05-24","mex","México",97609,2006,88360.4296875,3512.28564453125,1.569734811782837,76.3809814453125,80,"solid"
2020,2,"Q2",5,"2020-05",25,20200525,"2020-05-25","mex","México",102400,4791,91960.5703125,3600.142822265625,3.7490525245666504,80.13003540039062,81,"solid"
2020,2,"Q2",5,"2020-05",26,20200526,"2020-05-26","mex","México",106819,4419,95662.4296875,3701.857177734375,3.4579551219940186,83.5879898071289,82,"solid"
2020,2,"Q2",5,"2020-05",27,20200527,"2020-05-27","mex","México",111385,4566,99438.2890625,3775.857177734375,3.5729856491088867,87.16097259521484,83,"solid"
2020,2,"Q2",5,"2020-05",28,20200528,"2020-05-28","mex","México",115689,4304,103242.4296875,3804.142822265625,3.3679654598236084,90.52893829345703,84,"solid"
2020,2,"Q2",5,"2020-05",29,20200529,"2020-05-29","mex","México",120152,4463,107093.859375,3851.428466796875,3.4923861026763916,94.02132415771484,85,"solid"
2020,2,"Q2",5,"2020-05",30,20200530,"2020-05-30","mex","México",122973,2821,111003.859375,3910,2.207488536834717,96.22881317138672,86,"solid"
2020,2,"Q2",5,"2020-05",31,20200531,"2020-05-31","mex","México",125165,2192,114940.4296875,3936.571533203125,1.7152835130691528,97.94409942626953,87,"solid"
2020,2,"Q2",6,"2020-06",1,20200601,"2020-06-01","mex","México",130611,5446,118970.5703125,4030.142822265625,4.261602878570557,102.20569610595703,88,"solid"
2020,2,"Q2",6,"2020-06",2,20200602,"2020-06-02","mex","México",135445,4834,123060,4089.428466796875,3.782701015472412,105.9884033203125,89,"solid"
2020,2,"Q2",6,"2020-06",3,20200603,"2020-06-03","mex","México",140512,5067,127221,4161,3.9650280475616455,109.95343017578125,90,"solid"
2020,2,"Q2",6,"2020-06",4,20200604,"2020-06-04","mex","México",145523,5011,131483,4262,3.9212069511413574,113.8746337890625,91,"solid"
2020,2,"Q2",6,"2020-06",5,20200605,"2020-06-05","mex","México",150673,5150,135843.140625,4360.14306640625,4.029977321624756,117.90460968017578,92,"solid"
2020,2,"Q2",6,"2020-06",6,20200606,"2020-06-06","mex","México",153821,3148,140250,4406.85693359375,2.4633724689483643,120.36798858642578,93,"solid"
2020,2,"Q2",6,"2020-06",7,20200607,"2020-06-07","mex","México",156286,2465,144695.859375,4445.85693359375,1.9289114475250244,122.2968978881836,94,"solid"
2020,2,"Q2",6,"2020-06",8,20200608,"2020-06-08","mex","México",162572,6286,149261.71875,4565.85693359375,4.918919563293457,127.21581268310547,95,"solid"
2020,2,"Q2",6,"2020-06",9,20200609,"2020-06-09","mex","México",168440,5868,153975.28125,4713.5712890625,4.591826438903809,131.80764770507812,96,"solid"
2020,2,"Q2",6,"2020-06",10,20200610,"2020-06-10","mex","México",174263,5823,158796.859375,4821.5712890625,4.556612968444824,136.3642578125,97,"solid"
2020,2,"Q2",6,"2020-06",11,20200611,"2020-06-11","mex","México",179725,5462,163682.859375,4886,4.274123191833496,140.6383819580078,98,"solid"
2020,2,"Q2",6,"2020-06",12,20200612,"2020-06-12","mex","México",185465,5740,168653.140625,4970.28564453125,4.491663932800293,145.1300506591797,99,"solid"
2020,2,"Q2",6,"2020-06",13,20200613,"2020-06-13","mex","México",188692,3227,173634.71875,4981.5712890625,2.52519154548645,147.6552276611328,100,"solid"
2020,2,"Q2",6,"2020-06",14,20200614,"2020-06-14","mex","México",191388,2696,178649.28125,5014.5712890625,2.109673500061035,149.76490783691406,101,"solid"
2020,2,"Q2",6,"2020-06",15,20200615,"2020-06-15","mex","México",198072,6684,183720.71875,5071.4287109375,5.230362415313721,154.99526977539062,102,"solid"
2020,2,"Q2",6,"2020-06",16,20200616,"2020-06-16","mex","México",204540,6468,188877.859375,5157.14306640625,5.061338424682617,160.05661010742188,103,"solid"
2020,2,"Q2",6,"2020-06",17,20200617,"2020-06-17","mex","México",210712,6172,194084.859375,5207,4.829712390899658,164.88632202148438,104,"solid"
2020,2,"Q2",6,"2020-06",18,20200618,"2020-06-18","mex","México",216859,6147,199389.71875,5304.85693359375,4.810149669647217,169.69647216796875,105,"solid"
2020,2,"Q2",6,"2020-06",19,20200619,"2020-06-19","mex","México",223016,6157,204754.140625,5364.4287109375,4.81797456741333,174.5144500732422,106,"solid"
2020,2,"Q2",6,"2020-06",20,20200620,"2020-06-20","mex","México",226742,3726,210189.859375,5435.71435546875,2.9156689643859863,177.43011474609375,107,"solid"
2020,2,"Q2",6,"2020-06",21,20200621,"2020-06-21","mex","México",229351,2609,215613.140625,5423.28564453125,2.0415942668914795,179.47171020507812,108,"solid"
2020,2,"Q2",6,"2020-06",22,20200622,"2020-06-22","mex","México",236358,7007,221082.578125,5469.4287109375,5.483116626739502,184.95481872558594,109,"solid"
2020,2,"Q2",6,"2020-06",23,20200623,"2020-06-23","mex","México",242969,6611,226572.421875,5489.85693359375,5.173238754272461,190.12806701660156,110,"solid"
2020,2,"Q2",6,"2020-06",24,20200624,"2020-06-24","mex","México",249328,6359,232089,5516.5712890625,4.976043701171875,195.10411071777344,111,"solid"
2020,2,"Q2",6,"2020-06",25,20200625,"2020-06-25","mex","México",255666,6338,237632.859375,5543.85693359375,4.959610939025879,200.063720703125,112,"solid"
2020,2,"Q2",6,"2020-06",26,20200626,"2020-06-26","mex","México",262281,6615,243242.140625,5609.28564453125,5.176368713378906,205.24008178710938,113,"solid"
2020,2,"Q2",6,"2020-06",27,20200627,"2020-06-27","mex","México",266053,3772,248858,5615.85693359375,2.951664924621582,208.19175720214844,114,"solid"
2020,2,"Q2",6,"2020-06",28,20200628,"2020-06-28","mex","México",269113,3060,254538.28125,5680.28564453125,2.3945107460021973,210.5862579345703,115,"solid"
2020,2,"Q2",6,"2020-06",29,20200629,"2020-06-29","mex","México",276671,7558,260297.28125,5759,5.914285182952881,216.50054931640625,116,"solid"
2020,2,"Q2",6,"2020-06",30,20200630,"2020-06-30","mex","México",283890,7219,266143.15625,5845.85693359375,5.64901065826416,222.14956665039062,117,"solid"
2020,3,"Q3",7,"2020-07",1,20200701,"2020-07-01","mex","México",291574,7684,272178.28125,6035.14306640625,6.012882709503174,228.16244506835938,118,"solid"
2020,3,"Q3",7,"2020-07",2,20200702,"2020-07-02","mex","México",298671,7097,278321.84375,6143.5712890625,5.553543567657471,233.7159881591797,119,"solid"
2020,3,"Q3",7,"2020-07",3,20200703,"2020-07-03","mex","México",305782,7111,284536.28125,6214.4287109375,5.564498424530029,239.28048706054688,120,"solid"
2020,3,"Q3",7,"2020-07",4,20200704,"2020-07-04","mex","México",309533,3751,290747.71875,6211.4287109375,2.935231924057007,242.21571350097656,121,"solid"
2020,3,"Q3",7,"2020-07",5,20200705,"2020-07-05","mex","México",312630,3097,296964.4375,6216.71435546875,2.423464059829712,244.63917541503906,122,"solid"
2020,3,"Q3",7,"2020-07",6,20200706,"2020-07-06","mex","México",320500,7870,303225.71875,6261.28564453125,6.158431053161621,250.797607421875,123,"solid"
2020,3,"Q3",7,"2020-07",7,20200707,"2020-07-07","mex","México",328417,7917,309586.71875,6361,6.195209503173828,256.9928283691406,124,"solid"
2020,3,"Q3",7,"2020-07",8,20200708,"2020-07-08","mex","México",335866,7449,315914.15625,6327.4287109375,5.828990459442139,262.8218078613281,125,"solid"
2020,3,"Q3",7,"2020-07",9,20200709,"2020-07-09","mex","México",342919,7053,322235.28125,6321.14306640625,5.519112586975098,268.3409118652344,126,"solid"
2020,3,"Q3",7,"2020-07",10,20200710,"2020-07-10","mex","México",350134,7215,328571.28125,6336,5.645880699157715,273.98681640625,127,"solid"
2020,3,"Q3",7,"2020-07",11,20200711,"2020-07-11","mex","México",354060,3926,334932.28125,6361,3.0721728801727295,277.0589904785156,128,"solid"
2020,3,"Q3",7,"2020-07",12,20200712,"2020-07-12","mex","México",357335,3275,341318.71875,6386.4287109375,2.5627524852752686,279.6217346191406,129,"solid"
2020,3,"Q3",7,"2020-07",13,20200713,"2020-07-13","mex","México",366258,8923,347855.5625,6536.85693359375,6.982424736022949,286.6041564941406,130,"solid"
2020,3,"Q3",7,"2020-07",14,20200714,"2020-07-14","mex","México",374718,8460,354470,6614.4287109375,6.620117664337158,293.2242736816406,131,"solid"
2020,3,"Q3",7,"2020-07",15,20200715,"2020-07-15","mex","México",383578,8860,361286,6816,6.933125972747803,300.15740966796875,132,"solid"
2020,3,"Q3",7,"2020-07",16,20200716,"2020-07-16","mex","México",391841,8263,368274.84375,6988.85693359375,6.465961456298828,306.62335205078125,133,"solid"
2020,3,"Q3",7,"2020-07",17,20200717,"2020-07-17","mex","México",399889,8048,375382.71875,7107.85693359375,6.297719955444336,312.92108154296875,134,"solid"
2020,3,"Q3",7,"2020-07",18,20200718,"2020-07-18","mex","México",404341,4452,382565.71875,7183,3.483778238296509,316.40484619140625,135,"solid"
2020,3,"Q3",7,"2020-07",19,20200719,"2020-07-19","mex","México",407840,3499,389780.71875,7215,2.738036870956421,319.14288330078125,136,"solid"
2020,3,"Q3",7,"2020-07",20,20200720,"2020-07-20","mex","México",416966,9126,397024.71875,7244,7.141275882720947,326.2841796875,137,"solid"
2020,3,"Q3",7,"2020-07",21,20200721,"2020-07-21","mex","México",425623,8657,404296.84375,7272.14306640625,6.7742743492126465,333.0584411621094,138,"solid"
2020,3,"Q3",7,"2020-07",22,20200722,"2020-07-22","mex","México",433928,8305,411489.71875,7192.85693359375,6.4988274574279785,339.5572814941406,139,"solid"
2020,3,"Q3",7,"2020-07",23,20200723,"2020-07-23","mex","México",442013,8085,418657.15625,7167.4287109375,6.3266730308532715,345.8839416503906,140,"solid"
2020,3,"Q3",7,"2020-07",24,20200724,"2020-07-24","mex","México",450043,8030,425822,7164.85693359375,6.283634185791016,352.1675720214844,141,"solid"
2020,3,"Q3",7,"2020-07",25,20200725,"2020-07-25","mex","México",454252,4209,432952.15625,7130.14306640625,3.293626070022583,355.4612121582031,142,"solid"
2020,3,"Q3",7,"2020-07",26,20200726,"2020-07-26","mex","México",457316,3064,440020.15625,7068,2.3976407051086426,357.8588562011719,143,"solid"
2020,3,"Q3",7,"2020-07",27,20200727,"2020-07-27","mex","México",465842,8526,447002.4375,6982.28564453125,6.671764373779297,364.5306091308594,144,"solid"
2020,3,"Q3",7,"2020-07",28,20200728,"2020-07-28","mex","México",474037,8195,453918.71875,6916.28564453125,6.412750244140625,370.943359375,145,"solid"
2020,3,"Q3",7,"2020-07",29,20200729,"2020-07-29","mex","México",481698,7661,460743,6824.28564453125,5.994884490966797,376.938232421875,146,"solid"
2020,3,"Q3",7,"2020-07",30,20200730,"2020-07-30","mex","México",489272,7574,467494.28125,6751.28564453125,5.92680549621582,382.86505126953125,147,"solid"
2020,3,"Q3",7,"2020-07",31,20200731,"2020-07-31","mex","México",496002,6730,474059.84375,6565.5712890625,5.266358375549316,388.13140869140625,148,"solid"
2020,3,"Q3",8,"2020-08",1,20200801,"2020-08-01","mex","México",499832,3830,480571.28125,6511.4287109375,2.9970510005950928,391.1284484863281,149,"solid"
2020,3,"Q3",8,"2020-08",2,20200802,"2020-08-02","mex","México",502391,2559,487010.5625,6439.28564453125,2.0024683475494385,393.13092041015625,150,"solid"
2020,3,"Q3",8,"2020-08",3,20200803,"2020-08-03","mex","México",509925,7534,493308.15625,6297.5712890625,5.895504474639893,399.02642822265625,151,"solid"
2020,3,"Q3",8,"2020-08",4,20200804,"2020-08-04","mex","México",517315,7390,499490.71875,6182.5712890625,5.7828216552734375,404.80926513671875,152,"solid"
2020,3,"Q3",8,"2020-08",5,20200805,"2020-08-05","mex","México",524481,7166,505602.5625,6111.85693359375,5.607537269592285,410.4167785644531,153,"solid"
2020,3,"Q3",8,"2020-08",6,20200806,"2020-08-06","mex","México",531157,6676,511586.15625,5983.5712890625,5.22410249710083,415.6408996582031,154,"solid"
2020,3,"Q3",8,"2020-08",7,20200807,"2020-08-07","mex","México",537783,6626,517554.84375,5968.71435546875,5.184976577758789,420.82586669921875,155,"solid"
2020,3,"Q3",8,"2020-08",8,20200808,"2020-08-08","mex","México",541464,3681,523502.28125,5947.4287109375,2.880455493927002,423.7063293457031,156,"solid"
2020,3,"Q3",8,"2020-08",9,20200809,"2020-08-09","mex","México",543905,2441,529432.875,5930.5712890625,1.9101309776306152,425.616455078125,157,"solid"
2020,3,"Q3",8,"2020-08",10,20200810,"2020-08-10","mex","México",551168,7263,535324.6875,5891.85693359375,5.683441638946533,431.2998962402344,158,"solid"
2020,3,"Q3",8,"2020-08",11,20200811,"2020-08-11","mex","México",558045,6877,541143.3125,5818.5712890625,5.381389141082764,436.6812744140625,159,"solid"
2020,3,"Q3",8,"2020-08",12,20200812,"2020-08-12","mex","México",564543,6498,546866.4375,5723.14306640625,5.084814071655273,441.76611328125,160,"solid"
2020,3,"Q3",8,"2020-08",13,20200813,"2020-08-13","mex","México",570995,6452,552557.5625,5691.14306640625,5.048818111419678,446.8149108886719,161,"solid"
2020,3,"Q3",8,"2020-08",14,20200814,"2020-08-14","mex","México",577208,6213,558189.6875,5632.14306640625,4.861795902252197,451.6767272949219,162,"solid"
2020,3,"Q3",8,"2020-08",15,20200815,"2020-08-15","mex","México",580462,3254,563760.875,5571.14306640625,2.5463194847106934,454.2230224609375,163,"solid"
2020,3,"Q3",8,"2020-08",16,20200816,"2020-08-16","mex","México",582800,2338,569317.3125,5556.4287109375,1.8295314311981201,456.05255126953125,164,"solid"
2020,3,"Q3",8,"2020-08",17,20200817,"2020-08-17","mex","México",589700,6900,574821.875,5504.5712890625,5.399386882781982,461.45196533203125,165,"solid"
2020,3,"Q3",8,"2020-08",18,20200818,"2020-08-18","mex","México",596427,6727,580305,5483.14306640625,5.264010906219482,466.7159729003906,166,"solid"
2020,3,"Q3",8,"2020-08",19,20200819,"2020-08-19","mex","México",602727,6300,585759.875,5454.85693359375,4.929874897003174,471.6458435058594,167,"solid"
2020,3,"Q3",8,"2020-08",20,20200820,"2020-08-20","mex","México",608752,6025,591153.6875,5393.85693359375,4.714682102203369,476.36053466796875,168,"solid"
2020,3,"Q3",8,"2020-08",21,20200821,"2020-08-21","mex","México",615052,6300,596560,5406.28564453125,4.929874897003174,481.2904052734375,169,"solid"
2020,3,"Q3",8,"2020-08",22,20200822,"2020-08-22","mex","México",618211,3159,601952.6875,5392.71435546875,2.471980094909668,483.76239013671875,170,"solid"
2020,3,"Q3",8,"2020-08",23,20200823,"2020-08-23","mex","México",620562,2351,607347.3125,5394.5712890625,1.839704155921936,485.6020812988281,171,"solid"
2020,3,"Q3",8,"2020-08",24,20200824,"2020-08-24","mex","México",627658,7096,612769.875,5422.5712890625,5.552760601043701,491.15484619140625,172,"solid"
2020,3,"Q3",8,"2020-08",25,20200825,"2020-08-25","mex","México",634348,6690,618187.125,5417.28564453125,5.235057830810547,496.389892578125,173,"solid"
2020,3,"Q3",8,"2020-08",26,20200826,"2020-08-26","mex","México",641380,7032,623709,5521.85693359375,5.502679347991943,501.892578125,174,"solid"
2020,3,"Q3",8,"2020-08",27,20200827,"2020-08-27","mex","México",647916,6536,629303.875,5594.85693359375,5.11454963684082,507.00714111328125,175,"solid"
2020,3,"Q3",8,"2020-08",28,20200828,"2020-08-28","mex","México",654245,6329,634902.875,5599,4.952568054199219,511.9596862792969,176,"solid"
2020,3,"Q3",8,"2020-08",29,20200829,"2020-08-29","mex","México",657410,3165,640502.6875,5599.85693359375,2.476675271987915,514.4364013671875,177,"solid"
2020,3,"Q3",8,"2020-08",30,20200830,"2020-08-30","mex","México",659651,2241,646086.875,5584.14306640625,1.7536269426345825,516.1900024414062,178,"solid"
2020,3,"Q3",8,"2020-08",31,20200831,"2020-08-31","mex","México",666693,7042,651663.3125,5576.4287109375,5.510504722595215,521.7005004882812,179,"solid"
2020,3,"Q3",9,"2020-09",1,20200901,"2020-09-01","mex","México",673847,7154,657306,5642.71435546875,5.598146915435791,527.2986450195312,180,"solid"
2020,3,"Q3",9,"2020-09",2,20200902,"2020-09-02","mex","México",680764,6917,662932.3125,5626.28564453125,5.412689685821533,532.7113647460938,181,"solid"
2020,3,"Q3",9,"2020-09",3,20200903,"2020-09-03","mex","México",687061,6297,668524.4375,5592.14306640625,4.92752742767334,537.6388549804688,182,"solid"
2020,3,"Q3",9,"2020-09",4,20200904,"2020-09-04","mex","México",693098,6037,674074.875,5550.4287109375,4.724072456359863,542.3629150390625,183,"solid"
2020,3,"Q3",9,"2020-09",5,20200905,"2020-09-05","mex","México",696000,2902,679587.6875,5512.85693359375,2.2708725929260254,544.6337890625,184,"solid"
2020,3,"Q3",9,"2020-09",6,20200906,"2020-09-06","mex","México",698092,2092,685079.3125,5491.5712890625,1.6370315551757812,546.2708740234375,185,"solid"
2020,3,"Q3",9,"2020-09",7,20200907,"2020-09-07","mex","México",704511,6419,690481.875,5402.5712890625,5.0229949951171875,551.2938232421875,186,"solid"
2020,3,"Q3",9,"2020-09",8,20200908,"2020-09-08","mex","México",711131,6620,695808.125,5326.28564453125,5.180281162261963,556.47412109375,187,"solid"
2020,3,"Q3",9,"2020-09",9,20200909,"2020-09-09","mex","México",717185,6054,701011.125,5203,4.737375259399414,561.2114868164062,188,"solid"
2020,3,"Q3",9,"2020-09",10,20200910,"2020-09-10","mex","México",722884,5699,706128.6875,5117.5712890625,4.459580421447754,565.6710815429688,189,"solid"
2020,3,"Q3",9,"2020-09",11,20200911,"2020-09-11","mex","México",728385,5501,711169.6875,5041,4.3046417236328125,569.9757080078125,190,"solid"
2020,3,"Q3",9,"2020-09",12,20200912,"2020-09-12","mex","México",731194,2809,716197.4375,5027.71435546875,2.1980981826782227,572.173828125,191,"solid"
2020,3,"Q3",9,"2020-09",13,20200913,"2020-09-13","mex","México",733112,1918,721200.3125,5002.85693359375,1.50087308883667,573.6746826171875,192,"solid"
2020,3,"Q3",9,"2020-09",14,20200914,"2020-09-14","mex","México",739380,6268,726181.5625,4981.28564453125,4.904834270477295,578.5795288085938,193,"solid"
2020,3,"Q3",9,"2020-09",15,20200915,"2020-09-15","mex","México",743747,4367,730841,4659.4287109375,3.417264223098755,581.9967651367188,194,"solid"
2020,3,"Q3",9,"2020-09",16,20200916,"2020-09-16","mex","México",745993,2246,734956.4375,4115.4287109375,1.7575396299362183,583.7543334960938,195,"solid"
2020,3,"Q3",9,"2020-09",17,20200917,"2020-09-17","mex","México",752400,6407,739173,4216.5712890625,5.013604640960693,588.7679443359375,196,"solid"
2020,3,"Q3",9,"2020-09",18,20200918,"2020-09-18","mex","México",758009,5609,743405,4232,4.389153957366943,593.1571044921875,197,"solid"
2020,3,"Q3",9,"2020-09",19,20200919,"2020-09-19","mex","México",760831,2822,747638.875,4233.85693359375,2.208271026611328,595.3653564453125,198,"solid"
2020,3,"Q3",9,"2020-09",20,20200920,"2020-09-20","mex","México",762689,1858,751864.125,4225.28564453125,1.453921914100647,596.8192749023438,199,"solid"
2020,3,"Q3",9,"2020-09",21,20200921,"2020-09-21","mex","México",769007,6318,756096.5625,4232.4287109375,4.943960189819336,601.7632446289062,200,"solid"
2020,3,"Q3",9,"2020-09",22,20200922,"2020-09-22","mex","México",775179,6172,760586.875,4490.28564453125,4.829712390899658,606.5929565429688,201,"solid"
2020,3,"Q3",9,"2020-09",23,20200923,"2020-09-23","mex","México",781007,5828,765588.875,5002,4.560525894165039,611.1535034179688,202,"solid"
2020,3,"Q3",9,"2020-09",24,20200924,"2020-09-24","mex","México",786409,5402,770447.3125,4858.4287109375,4.227172374725342,615.3806762695312,203,"solid"
2020,3,"Q3",9,"2020-09",25,20200925,"2020-09-25","mex","México",791694,5285,775259.4375,4812.14306640625,4.135617256164551,619.5162963867188,204,"solid"
2020,3,"Q3",9,"2020-09",26,20200926,"2020-09-26","mex","México",794360,2666,780049.3125,4789.85693359375,2.086197853088379,621.6024780273438,205,"solid"
2020,3,"Q3",9,"2020-09",27,20200927,"2020-09-27","mex","México",796196,1836,784836,4786.71435546875,1.4367064237594604,623.0391845703125,206,"solid"
2020,3,"Q3",9,"2020-09",28,20200928,"2020-09-28","mex","México",802487,6291,789618.875,4782.85693359375,4.922832489013672,627.9619750976562,207,"solid"
2020,3,"Q3",9,"2020-09",29,20200929,"2020-09-29","mex","México",808440,5953,794370.4375,4751.5712890625,4.6583404541015625,632.620361328125,208,"solid"
2020,3,"Q3",9,"2020-09",30,20200930,"2020-09-30","mex","México",813988,5548,799082,4711.5712890625,4.3414201736450195,636.9617919921875,209,"solid"
2020,4,"Q4",10,"2020-10",1,20201001,"2020-10-01","mex","México",819276,5288,803777.3125,4695.28564453125,4.137964725494385,641.0997314453125,210,"solid"
2020,4,"Q4",10,"2020-10",2,20201002,"2020-10-02","mex","México",824274,4998,808431.5625,4654.28564453125,3.911034107208252,645.0107421875,211,"solid"
2020,4,"Q4",10,"2020-10",3,20201003,"2020-10-03","mex","México",826727,2453,813055.4375,4623.85693359375,1.9195212125778198,646.9302978515625,212,"solid"
2020,4,"Q4",10,"2020-10",4,20201004,"2020-10-04","mex","México",828495,1768,817669.5625,4614.14306640625,1.3834950923919678,648.3137817382812,213,"solid"
2020,4,"Q4",10,"2020-10",5,20201005,"2020-10-05","mex","México",834421,5926,822231.5625,4562,4.637212753295898,652.9509887695312,214,"solid"
2020,4,"Q4",10,"2020-10",6,20201006,"2020-10-06","mex","México",840372,5951,826793.3125,4561.71435546875,4.65677547454834,657.6077880859375,215,"solid"
2020,4,"Q4",10,"2020-10",7,20201007,"2020-10-07","mex","México",846144,5772,831387,4593.71435546875,4.516704559326172,662.1244506835938,216,"solid"
2020,4,"Q4",10,"2020-10",8,20201008,"2020-10-08","mex","México",851654,5510,836012.4375,4625.4287109375,4.3116841316223145,666.4361572265625,217,"solid"
2020,4,"Q4",10,"2020-10",9,20201009,"2020-10-09","mex","México",857309,5655,840731.6875,4719.28564453125,4.425149917602539,670.861328125,218,"solid"
2020,4,"Q4",10,"2020-10",10,20201010,"2020-10-10","mex","México",860345,3036,845534.3125,4802.5712890625,2.375730276107788,673.237060546875,219,"solid"
2020,4,"Q4",10,"2020-10",11,20201011,"2020-10-11","mex","México",862556,2211,850400.125,4865.85693359375,1.7301514148712158,674.9671630859375,220,"solid"
2020,4,"Q4",10,"2020-10",12,20201012,"2020-10-12","mex","México",869377,6821,855393.875,4993.71435546875,5.3375678062438965,680.3047485351562,221,"solid"
2020,4,"Q4",10,"2020-10",13,20201013,"2020-10-13","mex","México",876499,7122,860554.875,5161,5.573106288909912,685.8778686523438,222,"solid"
2020,4,"Q4",10,"2020-10",14,20201014,"2020-10-14","mex","México",882963,6464,865814.6875,5259.85693359375,5.058208465576172,690.9360961914062,223,"solid"
2020,4,"Q4",10,"2020-10",15,20201015,"2020-10-15","mex","México",889425,6462,871210.5625,5395.85693359375,5.056643009185791,695.9927368164062,224,"solid"
2020,4,"Q4",10,"2020-10",16,20201016,"2020-10-16","mex","México",896037,6612,876743.125,5532.5712890625,5.174021244049072,701.166748046875,225,"solid"
2020,4,"Q4",10,"2020-10",17,20201017,"2020-10-17","mex","México",899389,3352,882320.875,5577.71435546875,2.623006582260132,703.7897338867188,226,"solid"
2020,4,"Q4",10,"2020-10",18,20201018,"2020-10-18","mex","México",901756,2367,887920.875,5600,1.8522244691848755,705.6419677734375,227,"solid"
2020,4,"Q4",10,"2020-10",19,20201019,"2020-10-19","mex","México",909983,8227,893721.6875,5800.85693359375,6.437790870666504,712.0797729492188,228,"solid"
2020,4,"Q4",10,"2020-10",20,20201020,"2020-10-20","mex","México",918374,8391,899703.875,5982.14306640625,6.566123962402344,718.6458740234375,229,"solid"
2020,4,"Q4",10,"2020-10",21,20201021,"2020-10-21","mex","México",925792,7418,905822.3125,6118.4287109375,5.804732322692871,724.4506225585938,230,"solid"
2020,4,"Q4",10,"2020-10",22,20201022,"2020-10-22","mex","México",933084,7292,912059.3125,6237,5.706134796142578,730.15673828125,231,"solid"
2020,4,"Q4",10,"2020-10",23,20201023,"2020-10-23","mex","México",940319,7235,918385.3125,6326,5.6615309715271,735.8182983398438,232,"solid"
2020,4,"Q4",10,"2020-10",24,20201024,"2020-10-24","mex","México",943822,3503,924732.875,6347.5712890625,2.7411670684814453,738.5594482421875,233,"solid"
2020,4,"Q4",10,"2020-10",25,20201025,"2020-10-25","mex","México",946291,2469,931095,6362.14306640625,1.9320415258407593,740.4915161132812,234,"solid"
2020,4,"Q4",10,"2020-10",26,20201026,"2020-10-26","mex","México",954698,8407,937482.875,6387.85693359375,6.578644275665283,747.0701293945312,235,"solid"
2020,4,"Q4",10,"2020-10",27,20201027,"2020-10-27","mex","México",962641,7943,943806.6875,6323.85693359375,6.215555191040039,753.2857055664062,236,"solid"
2020,4,"Q4",10,"2020-10",28,20201028,"2020-10-28","mex","México",969817,7176,950096,6289.28564453125,5.615362644195557,758.9010620117188,237,"solid"
2020,4,"Q4",10,"2020-10",29,20201029,"2020-10-29","mex","México",976684,6867,956324.5625,6228.5712890625,5.373563766479492,764.2745971679688,238,"solid"
2020,4,"Q4",10,"2020-10",30,20201030,"2020-10-30","mex","México",982969,6285,962417.4375,6092.85693359375,4.918137073516846,769.1927490234375,239,"solid"
2020,4,"Q4",10,"2020-10",31,20201031,"2020-10-31","mex","México",985987,3018,968441,6023.5712890625,2.361644983291626,771.5543823242188,240,"solid"
2020,4,"Q4",11,"2020-11",1,20201101,"2020-11-01","mex","México",988152,2165,974421.125,5980.14306640625,1.6941554546356201,773.24853515625,241,"solid"
2020,4,"Q4",11,"2020-11",2,20201102,"2020-11-02","mex","México",993310,5158,979937.125,5516,4.0362372398376465,777.2847900390625,242,"solid"
2020,4,"Q4",11,"2020-11",3,20201103,"2020-11-03","mex","México",1001396,8086,985473.5625,5536.4287109375,6.327455520629883,783.6122436523438,243,"solid"
2020,4,"Q4",11,"2020-11",4,20201104,"2020-11-04","mex","México",1009027,7631,991075,5601.4287109375,5.971408843994141,789.5836791992188,244,"solid"
2020,4,"Q4",11,"2020-11",5,20201105,"2020-11-05","mex","México",1016577,7550,996774,5699,5.908024787902832,795.49169921875,245,"solid"
2020,4,"Q4",11,"2020-11",6,20201106,"2020-11-06","mex","México",1023668,7091,1002588.125,5814.14306640625,5.5488481521606445,801.04052734375,246,"solid"
2020,4,"Q4",11,"2020-11",7,20201107,"2020-11-07","mex","México",1027211,3543,1008477.3125,5889.14306640625,2.772467851638794,803.81298828125,247,"solid"
2020,4,"Q4",11,"2020-11",8,20201108,"2020-11-08","mex","México",1029859,2648,1014435.4375,5958.14306640625,2.072112560272217,805.8851318359375,248,"solid"
2020,4,"Q4",11,"2020-11",9,20201109,"2020-11-09","mex","México",1038822,8963,1020937.125,6501.71435546875,7.013725280761719,812.8988037109375,249,"solid"
2020,4,"Q4",11,"2020-11",10,20201110,"2020-11-10","mex","México",1047754,8932,1027559.6875,6622.5712890625,6.989467144012451,819.8883056640625,250,"solid"
2020,4,"Q4",11,"2020-11",11,20201111,"2020-11-11","mex","México",1056111,8357,1034286,6726.28564453125,6.539518356323242,826.4277954101562,251,"solid"
2020,4,"Q4",11,"2020-11",12,20201112,"2020-11-12","mex","México",1064258,8147,1041097.5625,6811.5712890625,6.375189304351807,832.802978515625,252,"solid"
2020,4,"Q4",11,"2020-11",13,20201113,"2020-11-13","mex","México",1071833,7575,1047978.3125,6880.71435546875,5.927587985992432,838.7305908203125,253,"solid"
2020,4,"Q4",11,"2020-11",14,20201114,"2020-11-14","mex","México",1075733,3900,1054910,6931.71435546875,3.0518274307250977,841.7824096679688,254,"solid"
2020,4,"Q4",11,"2020-11",15,20201115,"2020-11-15","mex","México",1078370,2637,1061840.125,6930.14306640625,2.063504934310913,843.845947265625,255,"solid"
2020,4,"Q4",11,"2020-11",16,20201116,"2020-11-16","mex","México",1081676,3306,1067962.125,6122,2.587010622024536,846.4329223632812,256,"solid"
2020,4,"Q4",11,"2020-11",17,20201117,"2020-11-17","mex","México",1091291,9615,1074181.75,6219.5712890625,7.523928165435791,853.9568481445312,257,"solid"
2020,4,"Q4",11,"2020-11",18,20201118,"2020-11-18","mex","México",1100002,8711,1080451.875,6270.14306640625,6.816530227661133,860.7733764648438,258,"solid"
2020,4,"Q4",11,"2020-11",19,20201119,"2020-11-19","mex","México",1108211,8209,1086730.875,6279,6.423705577850342,867.1970825195312,259,"solid"
2020,4,"Q4",11,"2020-11",20,20201120,"2020-11-20","mex","México",1116603,8392,1093126.625,6395.71435546875,6.566906452178955,873.7640380859375,260,"solid"
2020,4,"Q4",11,"2020-11",21,20201121,"2020-11-21","mex","México",1120819,4216,1099567.375,6440.85693359375,3.2991037368774414,877.0631103515625,261,"solid"
2020,4,"Q4",11,"2020-11",22,20201122,"2020-11-22","mex","México",1123600,2781,1106028.875,6461.4287109375,2.176187753677368,879.2393188476562,262,"solid"
2020,4,"Q4",11,"2020-11",23,20201123,"2020-11-23","mex","México",1133953,10353,1113497,7468.14306640625,8.101428031921387,887.3406982421875,263,"solid"
2020,4,"Q4",11,"2020-11",24,20201124,"2020-11-24","mex","México",1144234,10281,1121060.25,7563.28564453125,8.045086860656738,895.3858032226562,264,"solid"
2020,4,"Q4",11,"2020-11",25,20201125,"2020-11-25","mex","México",1153815,9581,1128747.875,7687.5712890625,7.4973225593566895,902.8831176757812,265,"solid"
2020,4,"Q4",11,"2020-11",26,20201126,"2020-11-26","mex","México",1163411,9596,1136633.625,7885.71435546875,7.509060382843018,910.3922119140625,266,"solid"
2020,4,"Q4",11,"2020-11",27,20201127,"2020-11-27","mex","México",1173026,9615,1144694,8060.4287109375,7.523928165435791,917.9161376953125,267,"solid"
2020,4,"Q4",11,"2020-11",28,20201128,"2020-11-28","mex","México",1177919,4893,1152851.125,8157.14306640625,3.828869581222534,921.7449951171875,268,"solid"
2020,4,"Q4",11,"2020-11",29,20201129,"2020-11-29","mex","México",1180926,3007,1161040.625,8189.4287109375,2.353037118911743,924.0980224609375,269,"solid"
2020,4,"Q4",11,"2020-11",30,20201130,"2020-11-30","mex","México",1191854,10928,1169312.125,8271.5712890625,8.551377296447754,932.6494140625,270,"solid"
2020,4,"Q4",12,"2020-12",1,20201201,"2020-12-01","mex","México",1203467,11613,1177774,8461.857421875,9.087403297424316,941.73681640625,271,"solid"
2020,4,"Q4",12,"2020-12",2,20201202,"2020-12-02","mex","México",1214913,11446,1186502.25,8728.2861328125,8.956722259521484,950.6935424804688,272,"solid"
2020,4,"Q4",12,"2020-12",3,20201203,"2020-12-03","mex","México",1226108,11195,1195459,8956.7138671875,8.760309219360352,959.453857421875,273,"solid"
2020,4,"Q4",12,"2020-12",4,20201204,"2020-12-04","mex","México",1237000,10892,1204598.125,9139.142578125,8.523205757141113,967.97705078125,274,"solid"
2020,4,"Q4",12,"2020-12",5,20201205,"2020-12-05","mex","México",1242983,5983,1213893,9294.857421875,4.681816101074219,972.6588745117188,275,"solid"
2020,4,"Q4",12,"2020-12",6,20201206,"2020-12-06","mex","México",1246148,3165,1223210.375,9317.4287109375,2.476675271987915,975.1355590820312,276,"solid"
2020,4,"Q4",12,"2020-12",7,20201207,"2020-12-07","mex","México",1259236,13088,1232836.375,9626,10.241620063781738,985.3771362304688,277,"solid"
2020,4,"Q4",12,"2020-12",8,20201208,"2020-12-08","mex","México",1272225,12989,1242659,9822.5712890625,10.16415023803711,995.5413208007812,278,"solid"
2020,4,"Q4",12,"2020-12",9,20201209,"2020-12-09","mex","México",1284701,12476,1252628.75,9969.7138671875,9.762717247009277,1005.3040161132812,279,"solid"
2020,4,"Q4",12,"2020-12",10,20201210,"2020-12-10","mex","México",1297443,12742,1262819.375,10190.7138671875,9.970868110656738,1015.27490234375,280,"solid"
2020,4,"Q4",12,"2020-12",11,20201211,"2020-12-11","mex","México",1309931,12488,1273238.125,10418.7138671875,9.77210807800293,1025.0469970703125,281,"solid"
2020,4,"Q4",12,"2020-12",12,20201212,"2020-12-12","mex","México",1316810,6879,1283784.875,10546.7138671875,5.382954120635986,1030.429931640625,282,"solid"
2020,4,"Q4",12,"2020-12",13,20201213,"2020-12-13","mex","México",1320215,3405,1294365.875,10581,2.664479970932007,1033.094482421875,283,"solid"
2020,4,"Q4",12,"2020-12",14,20201214,"2020-12-14","mex","México",1334567,14352,1305127.375,10761.5712890625,11.230725288391113,1044.3251953125,284,"solid"
2020,4,"Q4",12,"2020-12",15,20201215,"2020-12-15","mex","México",1348593,14026,1316037.125,10909.7138671875,10.97562313079834,1055.30078125,285,"solid"
2020,4,"Q4",12,"2020-12",16,20201216,"2020-12-16","mex","México",1361906,13313,1327066.375,11029.2861328125,10.417686462402344,1065.718505859375,286,"solid"
2020,4,"Q4",12,"2020-12",17,20201217,"2020-12-17","mex","México",1374686,12780,1338101.125,11034.7138671875,10.000603675842285,1075.7191162109375,287,"solid"
2020,4,"Q4",12,"2020-12",18,20201218,"2020-12-18","mex","México",1387222,12536,1349142.75,11041.5712890625,9.80966854095459,1085.5286865234375,288,"solid"
2020,4,"Q4",12,"2020-12",19,20201219,"2020-12-19","mex","México",1393797,6575,1360140.875,10998.142578125,5.145068168640137,1090.673828125,289,"solid"
2020,4,"Q4",12,"2020-12",20,20201220,"2020-12-20","mex","México",1397595,3798,1371195.125,11054.2861328125,2.972010374069214,1093.6458740234375,290,"solid"
2020,4,"Q4",12,"2020-12",21,20201221,"2020-12-21","mex","México",1412023,14428,1382260.25,11065.142578125,11.290196418762207,1104.93603515625,291,"solid"
2020,4,"Q4",12,"2020-12",22,20201222,"2020-12-22","mex","México",1425845,13822,1393296.25,11036,10.81598949432373,1115.751953125,292,"solid"
2020,4,"Q4",12,"2020-12",23,20201223,"2020-12-23","mex","México",1438601,12756,1404252.75,10956.4287109375,9.981822967529297,1125.73388671875,293,"solid"
2020,4,"Q4",12,"2020-12",24,20201224,"2020-12-24","mex","México",1449044,10443,1414875.25,10622.5712890625,8.171854972839355,1133.9056396484375,294,"solid"
2020,4,"Q4",12,"2020-12",25,20201225,"2020-12-25","mex","México",1451776,2732,1424097.25,9222,2.1378443241119385,1136.0435791015625,295,"solid"
2020,4,"Q4",12,"2020-12",26,20201226,"2020-12-26","mex","México",1457682,5906,1433223.75,9126.4287109375,4.6215620040893555,1140.6650390625,296,"solid"
2020,4,"Q4",12,"2020-12",27,20201227,"2020-12-27","mex","México",1462067,4385,1442434,9210.2861328125,3.431349515914917,1144.096435546875,297,"solid"
2020,4,"Q4",12,"2020-12",28,20201228,"2020-12-28","mex","México",1478234,16167,1451892.75,9458.7138671875,12.65099811553955,1156.7474365234375,298,"solid"
2020,4,"Q4",12,"2020-12",29,20201229,"2020-12-29","mex","México",1494291,16057,1461670.75,9778,12.564921379089355,1169.3123779296875,299,"solid"
2020,4,"Q4",12,"2020-12",30,20201230,"2020-12-30","mex","México",1508954,14663,1471721.125,10050.4287109375,11.474088668823242,1180.7864990234375,300,"solid"
2020,4,"Q4",12,"2020-12",31,20201231,"2020-12-31","mex","México",1521023,12069,1482003.875,10282.7138671875,9.444231986999512,1190.230712890625,301,"solid"
2021,1,"Q1",1,"2021-01",1,20210101,"2021-01-01","mex","México",1524379,3356,1492375.75,10371.857421875,2.626136541366577,1192.8568115234375,302,"solid"
2021,1,"Q1",1,"2021-01",2,20210102,"2021-01-02","mex","México",1531277,6898,1502889.25,10513.5712890625,5.39782190322876,1198.254638671875,303,"solid"
2021,1,"Q1",1,"2021-01",3,20210103,"2021-01-03","mex","México",1536432,5155,1513512.875,10623.5712890625,4.0338897705078125,1202.28857421875,304,"solid"
2021,1,"Q1",1,"2021-01",4,20210104,"2021-01-04","mex","México",1554578,18146,1524419.125,10906.2861328125,14.199604988098145,1216.4881591796875,305,"solid"
2021,1,"Q1",1,"2021-01",5,20210105,"2021-01-05","mex","México",1573287,18709,1535704.25,11285.142578125,14.64016342163086,1231.1282958984375,306,"solid"
2021,1,"Q1",1,"2021-01",6,20210106,"2021-01-06","mex","México",1591662,18375,1547519.75,11815.4287109375,14.378802299499512,1245.507080078125,307,"solid"
2021,1,"Q1",1,"2021-01",7,20210107,"2021-01-07","mex","México",1610319,18657,1560276.25,12756.5712890625,14.599472999572754,1260.1065673828125,308,"solid"
2021,1,"Q1",1,"2021-01",8,20210108,"2021-01-08","mex","México",1628896,18577,1575207.25,14931,14.536870956420898,1274.6434326171875,309,"solid"
2021,1,"Q1",1,"2021-01",9,20210109,"2021-01-09","mex","México",1638702,9806,1590553.75,15346.4287109375,7.673389434814453,1282.31689453125,310,"solid"
2021,1,"Q1",1,"2021-01",10,20210110,"2021-01-10","mex","México",1644268,5566,1605958.875,15405.142578125,4.355505466461182,1286.67236328125,311,"solid"
2021,1,"Q1",1,"2021-01",11,20210111,"2021-01-11","mex","México",1665025,20757,1621737,15778.142578125,16.24276351928711,1302.9151611328125,312,"solid"
2021,1,"Q1",1,"2021-01",12,20210112,"2021-01-12","mex","México",1684515,19490,1637626.75,15889.7138671875,15.251312255859375,1318.1663818359375,313,"solid"
2021,1,"Q1",1,"2021-01",13,20210113,"2021-01-13","mex","México",1702946,18431,1653524.375,15897.7138671875,14.422623634338379,1332.5889892578125,314,"solid"
2021,1,"Q1",1,"2021-01",14,20210114,"2021-01-14","mex","México",1721140,18194,1669356,15831.5712890625,14.237166404724121,1346.826171875,315,"solid"
2021,1,"Q1",1,"2021-01",15,20210115,"2021-01-15","mex","México",1738556,17416,1685021.75,15665.7138671875,13.628365516662598,1360.45458984375,316,"solid"
2021,1,"Q1",1,"2021-01",16,20210116,"2021-01-16","mex","México",1747989,9433,1700634.125,15612.4287109375,7.381509780883789,1367.8360595703125,317,"solid"
2021,1,"Q1",1,"2021-01",17,20210117,"2021-01-17","mex","México",1753213,5224,1716197.75,15563.5712890625,4.087883472442627,1371.9239501953125,318,"solid"
2021,1,"Q1",1,"2021-01",18,20210118,"2021-01-18","mex","México",1772580,19367,1731562.75,15365,15.155061721801758,1387.0789794921875,319,"solid"
2021,1,"Q1",1,"2021-01",19,20210119,"2021-01-19","mex","México",1791365,18785,1746827,15264.2861328125,14.69963550567627,1401.7786865234375,320,"solid"
2021,1,"Q1",1,"2021-01",20,20210120,"2021-01-20","mex","México",1808793,17428,1761948,15121,13.63775634765625,1415.4163818359375,321,"solid"
2021,1,"Q1",1,"2021-01",21,20210121,"2021-01-21","mex","México",1825620,16827,1776873.75,14925.7138671875,13.167461395263672,1428.5838623046875,322,"solid"
2021,1,"Q1",1,"2021-01",22,20210122,"2021-01-22","mex","México",1841986,16366,1791649.375,14775.7138671875,12.806719779968262,1441.390625,323,"solid"
2021,1,"Q1",1,"2021-01",23,20210123,"2021-01-23","mex","México",1850684,8698,1806320.125,14670.7138671875,6.8063578605651855,1448.1968994140625,324,"solid"
2021,1,"Q1",1,"2021-01",24,20210124,"2021-01-24","mex","México",1855386,4702,1820916.25,14596.142578125,3.679408311843872,1451.8763427734375,325,"solid"
2021,1,"Q1",1,"2021-01",25,20210125,"2021-01-25","mex","México",1873341,17955,1835310.75,14394.4287109375,14.05014419555664,1465.926513671875,326,"solid"
2021,1,"Q1",1,"2021-01",26,20210126,"2021-01-26","mex","México",1890294,16953,1849443.375,14132.7138671875,13.266058921813965,1479.192626953125,327,"solid"
2021,1,"Q1",1,"2021-01",27,20210127,"2021-01-27","mex","México",1905201,14907,1863216,13772.5712890625,11.665023803710938,1490.8575439453125,328,"solid"
2021,1,"Q1",1,"2021-01",28,20210128,"2021-01-28","mex","México",1919221,14020,1876587.625,13371.5712890625,10.970928192138672,1501.8284912109375,329,"solid"
2021,1,"Q1",1,"2021-01",29,20210129,"2021-01-29","mex","México",1931561,12340,1889384,12796.4287109375,9.656294822692871,1511.48486328125,330,"solid"
2021,1,"Q1",1,"2021-01",30,20210130,"2021-01-30","mex","México",1938316,6755,1901902.875,12518.857421875,5.285921573638916,1516.770751953125,331,"solid"
2021,1,"Q1",1,"2021-01",31,20210131,"2021-01-31","mex","México",1941985,3669,1914274.125,12371.2861328125,2.871065378189087,1519.641845703125,332,"solid"
2021,1,"Q1",2,"2021-02",1,20210201,"2021-02-01","mex","México",1946629,4644,1924743.875,10469.7138671875,3.6340222358703613,1523.27587890625,333,"solid"
2021,1,"Q1",2,"2021-02",2,20210202,"2021-02-02","mex","México",1960092,13463,1934715,9971.142578125,10.535064697265625,1533.8109130859375,334,"solid"
2021,1,"Q1",2,"2021-02",3,20210203,"2021-02-03","mex","México",1972058,11966,1944266,9551,9.363632202148438,1543.174560546875,335,"solid"
2021,1,"Q1",2,"2021-02",4,20210204,"2021-02-04","mex","México",1982973,10915,1953373.375,9107.4287109375,8.541204452514648,1551.7156982421875,336,"solid"
2021,1,"Q1",2,"2021-02",5,20210205,"2021-02-05","mex","México",1993164,10191,1962173.875,8800.4287109375,7.9746599197387695,1559.6904296875,337,"solid"
2021,1,"Q1",2,"2021-02",6,20210206,"2021-02-06","mex","México",1998455,5291,1970765.125,8591.2861328125,4.140312671661377,1563.8306884765625,338,"solid"
2021,1,"Q1",2,"2021-02",7,20210207,"2021-02-07","mex","México",2001194,2739,1979223.625,8458.4287109375,2.1433217525482178,1565.9739990234375,339,"solid"
2021,1,"Q1",2,"2021-02",8,20210208,"2021-02-08","mex","México",2012806,11612,1988677.375,9453.857421875,9.086620330810547,1575.0606689453125,340,"solid"
2021,1,"Q1",2,"2021-02",9,20210209,"2021-02-09","mex","México",2022102,9296,1997536,8858.5712890625,7.274304389953613,1582.3349609375,341,"solid"
2021,1,"Q1",2,"2021-02",10,20210210,"2021-02-10","mex","México",2030711,8609,2005915,8379,6.736713409423828,1589.0716552734375,342,"solid"
2021,1,"Q1",2,"2021-02",11,20210211,"2021-02-11","mex","México",2038559,7848,2013855.875,7940.85693359375,6.141215801239014,1595.212890625,343,"solid"
2021,1,"Q1",2,"2021-02",12,20210212,"2021-02-12","mex","México",2046226,7667,2021436.125,7580.28564453125,5.999579429626465,1601.21240234375,344,"solid"
2021,1,"Q1",2,"2021-02",13,20210213,"2021-02-13","mex","México",2050224,3998,2028831.75,7395.5712890625,3.128514289855957,1604.3409423828125,345,"solid"
2021,1,"Q1",2,"2021-02",14,20210214,"2021-02-14","mex","México",2052375,2151,2036143.25,7311.5712890625,1.6832002401351929,1606.024169921875,346,"solid"
2021,1,"Q1",2,"2021-02",15,20210215,"2021-02-15","mex","México",2060620,8245,2042973.875,6830.5712890625,6.451876163482666,1612.47607421875,347,"solid"
2021,1,"Q1",2,"2021-02",16,20210216,"2021-02-16","mex","México",2068367,7747,2049583.125,6609.28564453125,6.06218147277832,1618.5382080078125,348,"solid"
2021,1,"Q1",2,"2021-02",17,20210217,"2021-02-17","mex","México",2075379,7012,2055964.25,6381.14306640625,5.487029075622559,1624.0252685546875,349,"solid"
2021,1,"Q1",2,"2021-02",18,20210218,"2021-02-18","mex","México",2082331,6952,2062217.375,6253.14306640625,5.440077781677246,1629.46533203125,350,"solid"
2021,1,"Q1",2,"2021-02",19,20210219,"2021-02-19","mex","México",2089047,6716,2068334.75,6117.28564453125,5.255403518676758,1634.720703125,351,"solid"
2021,1,"Q1",2,"2021-02",20,20210220,"2021-02-20","mex","México",2092453,3406,2074367.375,6032.71435546875,2.6652626991271973,1637.385986328125,352,"solid"
2021,1,"Q1",2,"2021-02",21,20210221,"2021-02-21","mex","México",2094482,2029,2080382.75,6015.28564453125,1.5877327919006348,1638.9737548828125,353,"solid"
2021,1,"Q1",2,"2021-02",22,20210222,"2021-02-22","mex","México",2103039,8557,2086442.625,6059.85693359375,6.6960225105285645,1645.6697998046875,354,"solid"
2021,1,"Q1",2,"2021-02",23,20210223,"2021-02-23","mex","México",2110483,7444,2092459.125,6016.5712890625,5.825077533721924,1651.494873046875,355,"solid"
2021,1,"Q1",2,"2021-02",24,20210224,"2021-02-24","mex","México",2117277,6794,2098444.5,5985.4287109375,5.316439628601074,1656.811279296875,356,"solid"
2021,1,"Q1",2,"2021-02",25,20210225,"2021-02-25","mex","México",2124000,6723,2104397.25,5952.71435546875,5.260880947113037,1662.0721435546875,357,"solid"
2021,1,"Q1",2,"2021-02",26,20210226,"2021-02-26","mex","México",2130809,6809,2110363.25,5966,5.328177452087402,1667.400390625,358,"solid"
2021,1,"Q1",2,"2021-02",27,20210227,"2021-02-27","mex","México",2134302,3493,2116341.75,5978.4287109375,2.733341932296753,1670.1336669921875,359,"solid"
2021,1,"Q1",2,"2021-02",28,20210228,"2021-02-28","mex","México",2136386,2084,2122328,5986.28564453125,1.6307713985443115,1671.764404296875,360,"solid"
2021,1,"Q1",3,"2021-03",1,20210301,"2021-03-01","mex","México",2144980,8594,2128319.5,5991.5712890625,6.7249755859375,1678.4893798828125,361,"solid"
2021,1,"Q1",3,"2021-03",2,20210302,"2021-03-02","mex","México",2151875,6895,2134232.75,5913.14306640625,5.395474433898926,1683.8848876953125,362,"solid"
2021,1,"Q1",3,"2021-03",3,20210303,"2021-03-03","mex","México",2158388,6513,2140105.75,5873,5.096551895141602,1688.9814453125,363,"solid"
2021,1,"Q1",3,"2021-03",4,20210304,"2021-03-04","mex","México",2164657,6269,2145913.75,5808.14306640625,4.905616760253906,1693.8870849609375,364,"solid"
2021,1,"Q1",3,"2021-03",5,20210305,"2021-03-05","mex","México",2170644,5987,2151604.5,5690.71435546875,4.684946537017822,1698.572021484375,365,"solid"
2021,1,"Q1",3,"2021-03",6,20210306,"2021-03-06","mex","México",2173711,3067,2157234.5,5629.85693359375,2.3999884128570557,1700.9720458984375,366,"solid"
2021,1,"Q1",3,"2021-03",7,20210307,"2021-03-07","mex","México",2175692,1981,2162849.5,5615.14306640625,1.5501718521118164,1702.522216796875,367,"solid"
2021,1,"Q1",3,"2021-03",8,20210308,"2021-03-08","mex","México",2182741,7049,2168244,5394.4287109375,5.515982627868652,1708.0382080078125,368,"solid"
2021,1,"Q1",3,"2021-03",9,20210309,"2021-03-09","mex","México",2188660,5919,2173499,5255,4.631734848022461,1712.669921875,369,"solid"
2021,1,"Q1",3,"2021-03",10,20210310,"2021-03-10","mex","México",2194137,5477,2178606,5107,4.285861015319824,1716.9556884765625,370,"solid"
2021,1,"Q1",3,"2021-03",11,20210311,"2021-03-11","mex","México",2199431,5294,2183573.75,4967.71435546875,4.142660140991211,1721.098388671875,371,"solid"
2021,1,"Q1",3,"2021-03",12,20210312,"2021-03-12","mex","México",2204617,5186,2188427,4853.28564453125,4.05814790725708,1725.1566162109375,372,"solid"
2021,1,"Q1",3,"2021-03",13,20210313,"2021-03-13","mex","México",2207281,2664,2193222.75,4795.71435546875,2.0846328735351562,1727.2412109375,373,"solid"
2021,1,"Q1",3,"2021-03",14,20210314,"2021-03-14","mex","México",2208835,1554,2197957.5,4734.71435546875,1.2160358428955078,1728.457275390625,374,"solid"
2021,1,"Q1",3,"2021-03",15,20210315,"2021-03-15","mex","México",2210976,2141,2201991,4033.571533203125,1.675374984741211,1730.132568359375,375,"solid"
2021,1,"Q1",3,"2021-03",16,20210316,"2021-03-16","mex","México",2217649,6673,2206132.25,4141.28564453125,5.221755027770996,1735.3543701171875,376,"solid"
2021,1,"Q1",3,"2021-03",17,20210317,"2021-03-17","mex","México",2222861,5212,2210235.75,4103.4287109375,4.078493595123291,1739.432861328125,377,"solid"
2021,1,"Q1",3,"2021-03",18,20210318,"2021-03-18","mex","México",2227817,4956,2214290.75,4055.142822265625,3.8781683444976807,1743.31103515625,378,"solid"
2021,1,"Q1",3,"2021-03",19,20210319,"2021-03-19","mex","México",2232516,4699,2218276.5,3985.571533203125,3.677060842514038,1746.988037109375,379,"solid"
2021,1,"Q1",3,"2021-03",20,20210320,"2021-03-20","mex","México",2234949,2433,2222229,3952.571533203125,1.9038708209991455,1748.8919677734375,380,"solid"
2021,1,"Q1",3,"2021-03",21,20210321,"2021-03-21","mex","México",2236488,1539,2226179.5,3950.428466796875,1.2042980194091797,1750.09619140625,381,"solid"
2021,1,"Q1",3,"2021-03",22,20210322,"2021-03-22","mex","México",2242343,5855,2230660.5,4481,4.581653594970703,1754.6778564453125,382,"solid"
2021,1,"Q1",3,"2021-03",23,20210323,"2021-03-23","mex","México",2247453,5110,2234918.25,4257.71435546875,3.998676300048828,1758.6766357421875,383,"solid"
2021,1,"Q1",3,"2021-03",24,20210324,"2021-03-24","mex","México",2251976,4523,2239077.5,4159.28564453125,3.539337158203125,1762.2159423828125,384,"solid"
2021,1,"Q1",3,"2021-03",25,20210325,"2021-03-25","mex","México",2256485,4509,2243172.75,4095.428466796875,3.5283820629119873,1765.7442626953125,385,"solid"
2021,1,"Q1",3,"2021-03",26,20210326,"2021-03-26","mex","México",2260569,4084,2247180.5,4007.571533203125,3.1958110332489014,1768.9400634765625,386,"solid"
2021,1,"Q1",3,"2021-03",27,20210327,"2021-03-27","mex","México",2262807,2238,2251160.25,3979.71435546875,1.7512794733047485,1770.69140625,387,"solid"
2021,1,"Q1",3,"2021-03",28,20210328,"2021-03-28","mex","México",2264108,1301,2255105.75,3945.71435546875,1.0180583000183105,1771.70947265625,388,"solid"
2021,1,"Q1",3,"2021-03",29,20210329,"2021-03-29","mex","México",2269306,5198,2258957.75,3851.857177734375,4.067538261413574,1775.7769775390625,389,"solid"
2021,1,"Q1",3,"2021-03",30,20210330,"2021-03-30","mex","México",2273645,4339,2262699.5,3741.71435546875,3.3953535556793213,1779.17236328125,390,"solid"
2021,1,"Q1",3,"2021-03",31,20210331,"2021-03-31","mex","México",2277618,3973,2266362.5,3663.142822265625,3.1089513301849365,1782.28125,391,"solid"
2021,2,"Q2",4,"2021-04",1,20210401,"2021-04-01","mex","México",2279695,2077,2269678.25,3315.71435546875,1.6252937316894531,1783.9066162109375,392,"solid"
2021,2,"Q2",4,"2021-04",2,20210402,"2021-04-02","mex","México",2281368,1673,2272649.5,2971.28564453125,1.3091557025909424,1785.2156982421875,393,"solid"
2021,2,"Q2",4,"2021-04",3,20210403,"2021-04-03","mex","México",2282964,1596,2275529.25,2879.571533203125,1.2489017248153687,1786.464599609375,394,"solid"
2021,2,"Q2",4,"2021-04",4,20210404,"2021-04-04","mex","México",2284380,1416,2278425.25,2896,1.1080480813980103,1787.5726318359375,395,"solid"
2021,2,"Q2",4,"2021-04",5,20210405,"2021-04-05","mex","México",2289863,5483,2281361.75,2936.71435546875,4.29055643081665,1791.86328125,396,"solid"
2021,2,"Q2",4,"2021-04",6,20210406,"2021-04-06","mex","México",2294442,4579,2284332.75,2971,3.583158493041992,1795.4464111328125,397,"solid"
2021,2,"Q2",4,"2021-04",7,20210407,"2021-04-07","mex","México",2298773,4331,2287355,3022.142822265625,3.3890933990478516,1798.83544921875,398,"solid"
2021,2,"Q2",4,"2021-04",8,20210408,"2021-04-08","mex","México",2302924,4151,2290673.5,3318.428466796875,3.2482399940490723,1802.083740234375,399,"solid"
2021,2,"Q2",4,"2021-04",9,20210409,"2021-04-09","mex","México",2306874,3950,2294317.25,3643.71435546875,3.0909533500671387,1805.1746826171875,400,"solid"
2021,2,"Q2",4,"2021-04",10,20210410,"2021-04-10","mex","México",2309068,2194,2298046.25,3729.142822265625,1.7168484926223755,1806.8914794921875,401,"solid"
2021,2,"Q2",4,"2021-04",11,20210411,"2021-04-11","mex","México",2310257,1189,2301743,3696.71435546875,0.9304161071777344,1807.8218994140625,402,"solid"
2021,2,"Q2",4,"2021-04",12,20210412,"2021-04-12","mex","México",2315204,4947,2305363.25,3620.142822265625,3.8711256980895996,1811.693115234375,403,"solid"
2021,2,"Q2",4,"2021-04",13,20210413,"2021-04-13","mex","México",2319317,4113,2308916.75,3553.571533203125,3.2185041904449463,1814.91162109375,404,"solid"
2021,2,"Q2",4,"2021-04",14,20210414,"2021-04-14","mex","México",2323055,3738,2312385.5,3468.857177734375,2.9250590801239014,1817.836669921875,405,"solid"
2021,2,"Q2",4,"2021-04",15,20210415,"2021-04-15","mex","México",2326736,3681,2315787.25,3401.71435546875,2.880455493927002,1820.717041015625,406,"solid"
2021,2,"Q2",4,"2021-04",16,20210416,"2021-04-16","mex","México",2329996,3260,2319090.5,3303.142822265625,2.5510146617889404,1823.26806640625,407,"solid"
2021,2,"Q2",4,"2021-04",17,20210417,"2021-04-17","mex","México",2331650,1654,2322316.5,3226,1.2942878007888794,1824.5623779296875,408,"solid"
2021,2,"Q2",4,"2021-04",18,20210418,"2021-04-18","mex","México",2332747,1097,2325529.25,3212.857177734375,0.8584242463111877,1825.4207763671875,409,"solid"
2021,2,"Q2",4,"2021-04",19,20210419,"2021-04-19","mex","México",2336970,4223,2328638.75,3109.428466796875,3.3045814037323,1828.7254638671875,410,"solid"
2021,2,"Q2",4,"2021-04",20,20210420,"2021-04-20","mex","México",2340514,3544,2331666.75,3028.142822265625,2.7732503414154053,1831.4986572265625,411,"solid"
2021,2,"Q2",4,"2021-04",21,20210421,"2021-04-21","mex","México",2344038,3524,2334664.5,2997.571533203125,2.7575998306274414,1834.2562255859375,412,"solid"
2021,2,"Q2",4,"2021-04",22,20210422,"2021-04-22","mex","México",2347191,3153,2337586.5,2922.142822265625,2.46728515625,1836.7235107421875,413,"solid"
2021,2,"Q2",4,"2021-04",23,20210423,"2021-04-23","mex","México",2350287,3096,2340485.25,2898.71435546875,2.4226813316345215,1839.146240234375,414,"solid"
2021,2,"Q2",4,"2021-04",24,20210424,"2021-04-24","mex","México",2352013,1726,2343394.25,2909,1.350629210472107,1840.496826171875,415,"solid"
2021,2,"Q2",4,"2021-04",25,20210425,"2021-04-25","mex","México",2353060,1047,2346296.25,2901.857177734375,0.819298267364502,1841.316162109375,416,"solid"
2021,2,"Q2",4,"2021-04",26,20210426,"2021-04-26","mex","México",2356930,3870,2349147.5,2851.428466796875,3.0283517837524414,1844.344482421875,417,"solid"
2021,2,"Q2",4,"2021-04",27,20210427,"2021-04-27","mex","México",2360330,3400,2351978.5,2830.857177734375,2.66056752204895,1847.005126953125,418,"solid"
2021,2,"Q2",4,"2021-04",28,20210428,"2021-04-28","mex","México",2363407,3077,2354745.5,2767,2.407813549041748,1849.412841796875,419,"solid"
2021,2,"Q2",4,"2021-04",29,20210429,"2021-04-29","mex","México",2366314,2907,2357477.25,2731.857177734375,2.274785280227661,1851.6876220703125,420,"solid"
2021,2,"Q2",4,"2021-04",30,20210430,"2021-04-30","mex","México",2368979,2665,2360147.5,2670.28564453125,2.0854153633117676,1853.7730712890625,421,"solid"
2021,2,"Q2",5,"2021-05",1,20210501,"2021-05-01","mex","México",2369977,998,2362713.75,2566.28564453125,0.7809547781944275,1854.5540771484375,422,"solid"
2021,2,"Q2",5,"2021-05",2,20210502,"2021-05-02","mex","México",2370923,946,2365265.75,2551.857177734375,0.7402637600898743,1855.2943115234375,423,"solid"
2021,2,"Q2",5,"2021-05",3,20210503,"2021-05-03","mex","México",2374324,3401,2367750.5,2484.857177734375,2.6613500118255615,1857.9556884765625,424,"solid"
2021,2,"Q2",5,"2021-05",4,20210504,"2021-05-04","mex","México",2377197,2873,2370160.25,2409.571533203125,2.2481794357299805,1860.203857421875,425,"solid"
2021,2,"Q2",5,"2021-05",5,20210505,"2021-05-05","mex","México",2379745,2548,2372494.25,2334,1.9938606023788452,1862.1976318359375,426,"solid"
2021,2,"Q2",5,"2021-05",6,20210506,"2021-05-06","mex","México",2382490,2745,2374805,2310.857177734375,2.148016929626465,1864.345703125,427,"solid"
2021,2,"Q2",5,"2021-05",7,20210507,"2021-05-07","mex","México",2384933,2443,2377084.25,2279.142822265625,1.911695957183838,1866.2574462890625,428,"solid"
2021,2,"Q2",5,"2021-05",8,20210508,"2021-05-08","mex","México",2386198,1265,2379401.5,2317.28564453125,0.9898875951766968,1867.247314453125,429,"solid"
2021,2,"Q2",5,"2021-05",9,20210509,"2021-05-09","mex","México",2386979,781,2381695.25,2293.71435546875,0.6111479997634888,1867.8583984375,430,"solid"
2021,2,"Q2",5,"2021-05",10,20210510,"2021-05-10","mex","México",2388685,1706,2383746.75,2051.571533203125,1.3349788188934326,1869.193359375,431,"solid"
2021,2,"Q2",5,"2021-05",11,20210511,"2021-05-11","mex","México",2391791,3106,2385831.5,2084.857177734375,2.430506706237793,1871.6239013671875,432,"solid"
2021,2,"Q2",5,"2021-05",12,20210512,"2021-05-12","mex","México",2394367,2576,2387920.5,2088.857177734375,2.0157711505889893,1873.6396484375,433,"solid"
2021,2,"Q2",5,"2021-05",13,20210513,"2021-05-13","mex","México",2396673,2306,2389946.5,2026.142822265625,1.8044908046722412,1875.4442138671875,434,"solid"
2021,2,"Q2",5,"2021-05",14,20210514,"2021-05-14","mex","México",2399089,2416,2391968.75,2022.2857666015625,1.8905678987503052,1877.334716796875,435,"solid"
2021,2,"Q2",5,"2021-05",15,20210515,"2021-05-15","mex","México",2400296,1207,2393982.75,2014,0.9445014595985413,1878.279296875,436,"solid"
2021,2,"Q2",5,"2021-05",16,20210516,"2021-05-16","mex","México",2401047,751,2395992.5,2009.7142333984375,0.5876724123954773,1878.866943359375,437,"solid"
2021,2,"Q2",5,"2021-05",17,20210517,"2021-05-17","mex","México",2403828,2781,2398155.75,2163.28564453125,2.176187753677368,1881.0430908203125,438,"solid"
2021,2,"Q2",5,"2021-05",18,20210518,"2021-05-18","mex","México",2406330,2502,2400232.75,2077,1.9578646421432495,1883.0009765625,439,"solid"
2021,2,"Q2",5,"2021-05",19,20210519,"2021-05-19","mex","México",2408738,2408,2402285.75,2053,1.8843077421188354,1884.88525390625,440,"solid"
2021,2,"Q2",5,"2021-05",20,20210520,"2021-05-20","mex","México",2411069,2331,2404342.5,2056.571533203125,1.8240537643432617,1886.7093505859375,441,"solid"
2021,2,"Q2",5,"2021-05",21,20210521,"2021-05-21","mex","México",2413372,2303,2406382.75,2040.4285888671875,1.8021432161331177,1888.511474609375,442,"solid"
2021,2,"Q2",5,"2021-05",22,20210522,"2021-05-22","mex","México",2414516,1144,2408414.25,2031.4285888671875,0.8952026963233948,1889.40673828125,443,"solid"
2021,2,"Q2",5,"2021-05",23,20210523,"2021-05-23","mex","México",2415316,800,2410452.75,2038.4285888671875,0.6260159015655518,1890.03271484375,444,"solid"
2021,2,"Q2",5,"2021-05",24,20210524,"2021-05-24","mex","México",2418204,2888,2412506.5,2053.71435546875,2.2599172592163086,1892.2926025390625,445,"solid"
2021,2,"Q2",5,"2021-05",25,20210525,"2021-05-25","mex","México",2420840,2636,2414579.25,2072.857177734375,2.0627222061157227,1894.3553466796875,446,"solid"
2021,2,"Q2",5,"2021-05",26,20210526,"2021-05-26","mex","México",2423412,2572,2416675.5,2096.28564453125,2.012640953063965,1896.3680419921875,447,"solid"
2021,2,"Q2",5,"2021-05",27,20210527,"2021-05-27","mex","México",2425873,2461,2418790.5,2114.857177734375,1.9257813692092896,1898.2938232421875,448,"solid"
2021,2,"Q2",5,"2021-05",28,20210528,"2021-05-28","mex","México",2428308,2435,2420924.25,2133.71435546875,1.9054358005523682,1900.19921875,449,"solid"
2021,2,"Q2",5,"2021-05",29,20210529,"2021-05-29","mex","México",2429442,1134,2423056.5,2132.28564453125,0.8873775005340576,1901.0865478515625,450,"solid"
2021,2,"Q2",5,"2021-05",30,20210530,"2021-05-30","mex","México",2430373,931,2425207.5,2151,0.7285259962081909,1901.8150634765625,451,"solid"
2021,2,"Q2",5,"2021-05",31,20210531,"2021-05-31","mex","México",2433398,3025,2427378,2170.571533203125,2.3671226501464844,1904.1822509765625,452,"solid"
2021,2,"Q2",6,"2021-06",1,20210601,"2021-06-01","mex","México",2436169,2771,2429567.75,2189.857177734375,2.1683623790740967,1906.3505859375,453,"solid"
2021,2,"Q2",6,"2021-06",2,20210602,"2021-06-02","mex","México",2438950,2781,2431787.5,2219.71435546875,2.176187753677368,1908.5267333984375,454,"solid"
2021,2,"Q2",6,"2021-06",3,20210603,"2021-06-03","mex","México",2441581,2631,2434031.5,2244,2.058809757232666,1910.5855712890625,455,"solid"
2021,2,"Q2",6,"2021-06",4,20210604,"2021-06-04","mex","México",2444327,2746,2436320,2288.428466796875,2.148799419403076,1912.734375,456,"solid"
2021,2,"Q2",6,"2021-06",5,20210605,"2021-06-05","mex","México",2445674,1347,2438638.75,2318.857177734375,1.0540542602539062,1913.7884521484375,457,"solid"
2021,2,"Q2",6,"2021-06",6,20210606,"2021-06-06","mex","México",2446510,836,2440944.25,2305.28564453125,0.6541866064071655,1914.442626953125,458,"solid"
2021,2,"Q2",6,"2021-06",7,20210607,"2021-06-07","mex","México",2450165,3655,2443339.5,2395.28564453125,2.86011004447937,1917.302734375,459,"solid"
2021,2,"Q2",6,"2021-06",8,20210608,"2021-06-08","mex","México",2453725,3560,2445847.5,2508,2.7857706546783447,1920.0885009765625,460,"solid"
2021,2,"Q2",6,"2021-06",9,20210609,"2021-06-09","mex","México",2457077,3352,2448437,2589.571533203125,2.623006582260132,1922.7115478515625,461,"solid"
2021,2,"Q2",6,"2021-06",10,20210610,"2021-06-10","mex","México",2460311,3234,2451112.75,2675.71435546875,2.5306692123413086,1925.2421875,462,"solid"
2021,2,"Q2",6,"2021-06",11,20210611,"2021-06-11","mex","México",2463545,3234,2453858.25,2745.428466796875,2.5306692123413086,1927.7728271484375,463,"solid"
2021,2,"Q2",6,"2021-06",12,20210612,"2021-06-12","mex","México",2465246,1701,2456654.25,2796,1.3310662508010864,1929.1038818359375,464,"solid"
2021,2,"Q2",6,"2021-06",13,20210613,"2021-06-13","mex","México",2466339,1093,2459486.75,2832.71435546875,0.8552941679954529,1929.959228515625,465,"solid"
2021,2,"Q2",6,"2021-06",14,20210614,"2021-06-14","mex","México",2470486,4147,2462389.75,2903,3.245109796524048,1933.204345703125,466,"solid"
2021,2,"Q2",6,"2021-06",15,20210615,"2021-06-15","mex","México",2474320,3834,2465332,2942.142822265625,3.000181198120117,1936.2044677734375,467,"solid"
2021,2,"Q2",6,"2021-06",16,20210616,"2021-06-16","mex","México",2478226,3906,2468353.25,3021.28564453125,3.0565226078033447,1939.260986328125,468,"solid"
2021,2,"Q2",6,"2021-06",17,20210617,"2021-06-17","mex","México",2482131,3905,2471470.5,3117.142822265625,3.0557401180267334,1942.3167724609375,469,"solid"
2021,2,"Q2",6,"2021-06",18,20210618,"2021-06-18","mex","México",2486066,3935,2474687.75,3217.28564453125,3.0792155265808105,1945.39599609375,470,"solid"
2021,2,"Q2",6,"2021-06",19,20210619,"2021-06-19","mex","México",2488119,2053,2477955.25,3267.571533203125,1.606513261795044,1947.00244140625,471,"solid"
2021,2,"Q2",6,"2021-06",20,20210620,"2021-06-20","mex","México",2489391,1272,2481248.5,3293.142822265625,0.9953652620315552,1947.997802734375,472,"solid"
2021,2,"Q2",6,"2021-06",21,20210621,"2021-06-21","mex","México",2494625,5234,2484696.75,3448.428466796875,4.095708847045898,1952.0936279296875,473,"solid"
2021,2,"Q2",6,"2021-06",22,20210622,"2021-06-22","mex","México",2499745,5120,2488329,3632.142822265625,4.0065016746521,1956.10009765625,474,"solid"
2021,2,"Q2",6,"2021-06",23,20210623,"2021-06-23","mex","México",2504976,5231,2492150.5,3821.428466796875,4.0933613777160645,1960.1934814453125,475,"solid"
2021,2,"Q2",6,"2021-06",24,20210624,"2021-06-24","mex","México",2510212,5236,2496162,4011.571533203125,4.097273826599121,1964.2906494140625,476,"solid"
2021,2,"Q2",6,"2021-06",25,20210625,"2021-06-25","mex","México",2515374,5162,2500348.75,4186.85693359375,4.03936767578125,1968.330078125,477,"solid"
2021,2,"Q2",6,"2021-06",26,20210626,"2021-06-26","mex","México",2518098,2724,2504631.5,4282.71435546875,2.1315841674804688,1970.461669921875,478,"solid"
2021,2,"Q2",6,"2021-06",27,20210627,"2021-06-27","mex","México",2519778,1680,2508972.5,4341,1.3146333694458008,1971.7762451171875,479,"solid"
2021,2,"Q2",6,"2021-06",28,20210628,"2021-06-28","mex","México",2526642,6864,2513546.5,4573.85693359375,5.371216297149658,1977.1474609375,480,"solid"
2021,2,"Q2",6,"2021-06",29,20210629,"2021-06-29","mex","México",2532977,6335,2518293.75,4747.4287109375,4.957262992858887,1982.104736328125,481,"solid"
2021,2,"Q2",6,"2021-06",30,20210630,"2021-06-30","mex","México",2539124,6147,2523172.25,4878.28564453125,4.810149669647217,1986.9149169921875,482,"solid"
2021,3,"Q3",7,"2021-07",1,20210701,"2021-07-01","mex","México",2545514,6390,2528215.25,5043.14306640625,5.000301837921143,1991.915283203125,483,"solid"
2021,3,"Q3",7,"2021-07",2,20210702,"2021-07-02","mex","México",2552121,6607,2533464.75,5249.5712890625,5.170108795166016,1997.0853271484375,484,"solid"
2021,3,"Q3",7,"2021-07",3,20210703,"2021-07-03","mex","México",2555558,3437,2538816.25,5351.4287109375,2.6895205974578857,1999.77490234375,485,"solid"
2021,3,"Q3",7,"2021-07",4,20210704,"2021-07-04","mex","México",2557800,2242,2544248,5431.71435546875,1.7544095516204834,2001.529296875,486,"solid"
2021,3,"Q3",7,"2021-07",5,20210705,"2021-07-05","mex","México",2566879,9079,2549996.25,5748.14306640625,7.104497909545898,2008.6337890625,487,"solid"
2021,3,"Q3",7,"2021-07",6,20210706,"2021-07-06","mex","México",2576016,9137,2556144.5,6148.4287109375,7.14988374710083,2015.78369140625,488,"solid"
2021,3,"Q3",7,"2021-07",7,20210707,"2021-07-07","mex","México",2585862,9846,2562821.5,6676.85693359375,7.704690456390381,2023.48828125,489,"solid"
2021,3,"Q3",7,"2021-07",8,20210708,"2021-07-08","mex","México",2595728,9866,2569994.75,7173.4287109375,7.720340728759766,2031.2086181640625,490,"solid"
2021,3,"Q3",7,"2021-07",9,20210709,"2021-07-09","mex","México",2605867,10139,2577672.75,7678,7.933968544006348,2039.1427001953125,491,"solid"
2021,3,"Q3",7,"2021-07",10,20210710,"2021-07-10","mex","México",2611041,5174,2585599,7926.14306640625,4.048757553100586,2043.19140625,492,"solid"
2021,3,"Q3",7,"2021-07",11,20210711,"2021-07-11","mex","México",2614423,3382,2593688,8089,2.646482229232788,2045.837890625,493,"solid"
2021,3,"Q3",7,"2021-07",12,20210712,"2021-07-12","mex","México",2627971,13548,2602415.5,8727.4287109375,10.601578712463379,2056.439453125,494,"solid"
2021,3,"Q3",7,"2021-07",13,20210713,"2021-07-13","mex","México",2641620,13649,2611787.5,9372,10.68061351776123,2067.1201171875,495,"solid"
2021,3,"Q3",7,"2021-07",14,20210714,"2021-07-14","mex","México",2655079,13459,2621675.5,9888.142578125,10.53193473815918,2077.652099609375,496,"solid"
2021,3,"Q3",7,"2021-07",15,20210715,"2021-07-15","mex","México",2668297,13218,2632042.5,10367,10.343347549438477,2087.995361328125,497,"solid"
2021,3,"Q3",7,"2021-07",16,20210716,"2021-07-16","mex","México",2681999,13702,2642918.5,10876,10.722086906433105,2098.717529296875,498,"solid"
2021,3,"Q3",7,"2021-07",17,20210717,"2021-07-17","mex","México",2688663,6664,2654007.5,11088.857421875,5.214712142944336,2103.93212890625,499,"solid"
2021,3,"Q3",7,"2021-07",18,20210718,"2021-07-18","mex","México",2693132,4469,2665251.5,11244.142578125,3.4970812797546387,2107.42919921875,500,"solid"
2021,3,"Q3",7,"2021-07",19,20210719,"2021-07-19","mex","México",2710716,17584,2677072.25,11820.7138671875,13.759828567504883,2121.18896484375,501,"solid"
2021,3,"Q3",7,"2021-07",20,20210720,"2021-07-20","mex","México",2728300,17584,2689455.25,12382.857421875,13.759828567504883,2134.948974609375,502,"solid"
2021,3,"Q3",7,"2021-07",21,20210721,"2021-07-21","mex","México",2745617,17317,2702389.25,12934,13.550896644592285,2148.499755859375,503,"solid"
2021,3,"Q3",7,"2021-07",22,20210722,"2021-07-22","mex","México",2763875,18258,2716043.25,13654,14.287247657775879,2162.787109375,504,"solid"
2021,3,"Q3",7,"2021-07",23,20210723,"2021-07-23","mex","México",2781299,17424,2730228.75,14185.7138671875,13.634625434875488,2176.421630859375,505,"solid"
2021,3,"Q3",7,"2021-07",24,20210724,"2021-07-24","mex","México",2789704,8405,2744663.25,14434.4287109375,6.5770792961120605,2182.998779296875,506,"solid"
2021,3,"Q3",7,"2021-07",25,20210725,"2021-07-25","mex","México",2795706,6002,2759316.75,14653.4287109375,4.696683883666992,2187.6953125,507,"solid"
2021,3,"Q3",7,"2021-07",26,20210726,"2021-07-26","mex","México",2817341,21635,2774548.75,15232.142578125,16.92981719970703,2204.625244140625,508,"solid"
2021,3,"Q3",7,"2021-07",27,20210727,"2021-07-27","mex","México",2838172,20831,2790244.75,15696,16.300670623779297,2220.926025390625,509,"solid"
2021,3,"Q3",7,"2021-07",28,20210728,"2021-07-28","mex","México",2857596,19424,2806241.75,15997,15.199665069580078,2236.12548828125,510,"solid"
2021,3,"Q3",7,"2021-07",29,20210729,"2021-07-29","mex","México",2877526,19930,2822477.75,16235.857421875,15.595620155334473,2251.72119140625,511,"solid"
2021,3,"Q3",7,"2021-07",30,20210730,"2021-07-30","mex","México",2896039,18513,2838869.25,16391.427734375,14.48678970336914,2266.2080078125,512,"solid"
2021,3,"Q3",7,"2021-07",31,20210731,"2021-07-31","mex","México",2904468,8429,2855264,16394.857421875,6.595860004425049,2272.803955078125,513,"solid"
2021,3,"Q3",8,"2021-08",1,20210801,"2021-08-01","mex","México",2911208,6740,2871764.25,16500.28515625,5.274183750152588,2278.078125,514,"solid"
2021,3,"Q3",8,"2021-08",2,20210802,"2021-08-02","mex","México",2933294,22086,2888329,16564.71484375,17.282733917236328,2295.36083984375,515,"solid"
2021,3,"Q3",8,"2021-08",3,20210803,"2021-08-03","mex","México",2954636,21342,2904966.75,16637.71484375,16.700538635253906,2312.061279296875,516,"solid"
2021,3,"Q3",8,"2021-08",4,20210804,"2021-08-04","mex","México",2974953,20317,2921732,16765.28515625,15.898455619812012,2327.959716796875,517,"solid"
2021,3,"Q3",8,"2021-08",5,20210805,"2021-08-05","mex","México",2995006,20053,2938514.75,16782.857421875,15.69187068939209,2343.651611328125,518,"solid"
2021,3,"Q3",8,"2021-08",6,20210806,"2021-08-06","mex","México",3014438,19432,2955429,16914.142578125,15.205925941467285,2358.857666015625,519,"solid"
2021,3,"Q3",8,"2021-08",7,20210807,"2021-08-07","mex","México",3023615,9177,2972450,17021,7.181184768676758,2366.038818359375,520,"solid"
2021,3,"Q3",8,"2021-08",8,20210808,"2021-08-08","mex","México",3030556,6941,2989499.75,17049.71484375,5.4314703941345215,2371.47021484375,521,"solid"
2021,3,"Q3",8,"2021-08",9,20210809,"2021-08-09","mex","México",3054154,23598,3006765.5,17265.71484375,18.465904235839844,2389.93603515625,522,"solid"
2021,3,"Q3",8,"2021-08",10,20210810,"2021-08-10","mex","México",3076926,22772,3024235.5,17470,17.819541931152344,2407.755615234375,523,"solid"
2021,3,"Q3",8,"2021-08",11,20210811,"2021-08-11","mex","México",3097877,20951,3041796,17560.572265625,16.394573211669922,2424.150146484375,524,"solid"
2021,3,"Q3",8,"2021-08",12,20210812,"2021-08-12","mex","México",3118108,20231,3059382,17586,15.831158638000488,2439.9814453125,525,"solid"
2021,3,"Q3",8,"2021-08",13,20210813,"2021-08-13","mex","México",3137461,19353,3076956.75,17574.71484375,15.1441068649292,2455.12548828125,526,"solid"
2021,3,"Q3",8,"2021-08",14,20210814,"2021-08-14","mex","México",3145859,8398,3094420.25,17463.427734375,6.571601867675781,2461.697021484375,527,"solid"
2021,3,"Q3",8,"2021-08",15,20210815,"2021-08-15","mex","México",3151939,6080,3111760.5,17340.427734375,4.757720470428467,2466.454833984375,528,"solid"
2021,3,"Q3",8,"2021-08",16,20210816,"2021-08-16","mex","México",3173473,21534,3128806.25,17045.572265625,16.85078239440918,2483.3056640625,529,"solid"
2021,3,"Q3",8,"2021-08",17,20210817,"2021-08-17","mex","México",3192801,19328,3145359.75,16553.572265625,15.124543190002441,2498.43017578125,530,"solid"
2021,3,"Q3",8,"2021-08",18,20210818,"2021-08-18","mex","México",3211074,18273,3161530.75,16171,14.298985481262207,2512.729248046875,531,"solid"
2021,3,"Q3",8,"2021-08",19,20210819,"2021-08-19","mex","México",3226780,15706,3177055.25,15524.5712890625,12.29025650024414,2525.019287109375,532,"dashed"
2021,3,"Q3",8,"2021-08",20,20210820,"2021-08-20","mex","México",3241069,14289,3191856.5,14801.142578125,11.181426048278809,2536.200927734375,533,"dashed"
2021,3,"Q3",8,"2021-08",21,20210821,"2021-08-21","mex","México",3246602,5533,3206248.25,14391.857421875,4.329682350158691,2540.530517578125,534,"dashed"
2021,3,"Q3",8,"2021-08",22,20210822,"2021-08-22","mex","México",3250802,4200,3220371.5,14123.2861328125,3.286583423614502,2543.817138671875,535,"dashed"
2021,3,"Q3",8,"2021-08",23,20210823,"2021-08-23","mex","México",3264355,13553,3233354.75,12983.142578125,10.605491638183594,2554.422607421875,536,"dashed"
2021,3,"Q3",8,"2021-08",24,20210824,"2021-08-24","mex","México",3271079,6724,3244537.25,11182.5712890625,5.261663436889648,2559.684326171875,537,"dashed"
2021,3,"Q3",8,"2021-08",25,20210825,"2021-08-25","mex","México",3271128,49,3253116.5,8579.142578125,0.03834347426891327,2559.72265625,538,"dashed"